ad_id,ad_text,category,category_confidence,type
AD_00000,"up to
$100 off
roundtrip
flights to
ireland.
travel 4/1/23-5/31/23 & 9/1/23-11/30/23
*terms and conditions apply
ta
aer lingus
aer lingus
book now
terms and conditions apply",Travel,0.516156665438926,targeted
AD_00001,"yp the real
ур
yellow pages
find cheap
gas near you!
right here in
yp app.
download now
q. gas stations | los angeles, ca
johnny's gas & food
rocket gas station
cheap gasto ge
usa mart & gas
quick gas
30m
cheap gato go
289
291
291
291
297
305",General_News,0.27099614872606637,targeted
AD_00002,"food navigator
usa
plant-based meat:
beyond the honeymoon
period
editorial webinar
wednesday march 22
11:00am ct
register to watch it
live or on-demand",Entertainment,0.32364912765238235,targeted
AD_00003,"monstrous
airflow
$20-$23
duramax
banks
+27%
bigger
banks and it's/
patented
15.9in¹
we're larger
stock at the maf
12.57in
sensor.
ram-air
-9.8%
afe
11.34in
-24%
s&b
9.6m²",General_News,0.1697525437889623,targeted
AD_00004,"yummy
combs
*
a
nutriti
wellne
now
safest, most nutritious flossing dog treat
nurturing optimal wellness!™
shop now!",Health,0.9559632384004743,targeted
AD_00005,"roselinlin
free shipping
10",Sports,0.5349976032230116,targeted
AD_00006,"menards
gift card
menards
gift cards
mewards
gift card
menards
one gift
endless possibilities
click here to order online!",Business_Finance,0.36835184442420127,targeted
AD_00007,"from hello
to help,
211 is here
2.1.1
get connected. get help.""
pe
anne",Health,0.3556573696954284,targeted
AD_00008,"all about
circuits
need a battery
refresher?
9v
mou
circuits
ac, dc, analog,
digital and much more!
r₁
600
video
tutorials
learn more",Travel,0.3273580906837681,targeted
AD_00009,"united
mileageplus.
get ready and bon voyage
until may 27, buy miles and
get up to 85% bonus miles.
buy miles",Automotive,0.29322400615054384,targeted
AD_00010,"hfa rumblefish
streamline your music
royalties
let's connect",Entertainment,0.9406970963677705,targeted
AD_00011,"banana
republic
factory
280+ new arrivals
from $24.99
shop now",Lifestyle,0.327036052619876,targeted
AD_00012,"mullins
whey
100% whey
protein isolate
rbgh | gluten | antibiotic | soy free
learn more
store.mullinswhey.com
v
mullins whey
100%
whey
a
protein 4
isolate
vanilla
882
25 persen",Entertainment,0.2898030933728019,targeted
AD_00013,"logitech
never see the light
of day again.
smart backlighting.
discover mx keys s
learn more",Lifestyle,0.5484525126596091,targeted
AD_00014,"capital one shopping
the coupon-finding
browser extension
promo codes available
see free codes
get free promo codes automatically applied at checkout.",Business_Finance,0.26084219532463465,targeted
AD_00015,"tek hdmi 2.1
hdmi
latra
certified
cable
re
do
grok
now
available
in 1.8
metres
arc var
hdr
dynamic hor
8k 4k
60hz 120hz
exclusive to jbhi-fi",Travel,0.32622996468632987,targeted
AD_00016,"free trial
enterprise-caliber
it service desk
software
try service desk plus!
manageengine
service desk plus
(0)",General_News,0.45364307154658645,targeted
AD_00017,"make
your
move
with the
most
trusted
brands
in media
""media job board
gard.com
poynter. e&p
newspapers
find your
next job",Sports,0.2941898290090702,targeted
AD_00018,"2022
march 10-12
new orleans
the future is
in your hands",Travel,0.32839693555491417,targeted
AD_00019,"sentaraⓡ
you derserve
the best
you're
safe
at sentara
we're commited to safe
in-person mammography
care. appointments
available now.
schedule now",Lifestyle,0.6195484139594039,targeted
AD_00020,"be an
adoptive home
for athena
and other children in foster care
learn more about adoption
susan's kids
sponsored by brandon steven motors",Lifestyle,0.7282200393350708,targeted
AD_00021,"wusfs food podcast
the
zest
podcast
sponsored by
seitenbacher
season 4 now streaming",Food_Drink,0.31582357243734005,targeted
AD_00022,"georgetown
university
school of continuing studies
this is your
moment.
get
started",General_News,0.40220746450361333,targeted
AD_00023,"detroit
bed wings
nhlshop.com
af fanatics experience
shop now",Lifestyle,0.3016354939040458,targeted
AD_00024,"grow your savings with cd specials
4.25%
for 25 months
4.25%
for 13 months
view details
first fed
member fdic | equal housing lender
apy is annual percentage yield",Entertainment,0.40837220674090624,targeted
AD_00025,"free book:
options expert
shows seniors
the best options
strategies
for income.
smart options strategies
tradewins
smart
options
strategies
chuck hughes
claim yours today:",Sports,0.22085247808066705,targeted
AD_00026,"feed their inner
hen ambitions.
b
nutrena
m
find a store >
nutrena
what we cou
1/zopen
naturewise
chick starter grower
protein crumble
in
6%",Food_Drink,0.35152584586032476,targeted
AD_00027,"clover ii
2-storey link homes
22' x 70' 2,586 sq.ft.
641",General_News,0.42495590082668505,targeted
AD_00028,"ignore real-time al
and customers will do
the same to you.
our vector database is
ai-ready and proven at scale.
datastax",Sports,0.18495767603019417,targeted
AD_00029,"care for your smile
and let it brighten
your day
same day crowns
teeth whitening
dental implants/bitesplints
beers family dentistry
dr. chad beers and dr. kyle lints
lwinner
2015-2018-2021-2022
dr. chud boers, d.d.s",Lifestyle,0.5083918282879163,targeted
AD_00030,"vis
promo codes
available
see codes
cape shopping
the find
·‒‒‒‒ –
i
i
i
i
i
i
i
i
i
i
i",Lifestyle,0.23450869254061027,targeted
AD_00031,"nordictrack
commercy (750
from¡fit>
nordictrack
black friday starts early
$1,599 $1,899
shop 1750 tread",Lifestyle,0.6255431449388769,targeted
AD_00032,"olet the
ashley light shine
shop now →→",Lifestyle,0.7419969728807687,targeted
AD_00033,"full time jobs part
time
part time jobs warehouse jobs
jobs
hourly jobs
jobs2careers",Business_Finance,0.3870176953099897,targeted
AD_00034,"i
i
verified coupons available
see codes
capital one
shopping
bestpromocodes.co
i
i",General_News,0.22802933351387997,targeted
AD_00035,"the yamaha
get out and ride
sales event
wolverine®
rmaxim 21000 xt-rd
wolverine
rmaxim 4 1000 le
wolverineⓡ
rmaxi 2 1000 sport
revs your heart
$2000
as low as
5.99
for 84 months¹
customer
learn more",Lifestyle,0.28447019866847123,targeted
AD_00036,"x1010
talcore
dropouts
live nation
per
the devil
wears pradas
za
fit for
king
a
counterparts
landmvrks
kah
**
are
press
september 27
the fillmore silver spring
tandem solidstate alternate side
00",General_News,0.2890629972183094,targeted
AD_00037,"building facade
ricresidences.com
ascnce code 110112233
ohguo non aa-2002/12-4210|chsud tlts non-006
mus
且
le pont
residence
bridging you to
your best life
rlc
raise
live
residences connect",Lifestyle,0.23926652936878084,targeted
AD_00038,"delicious
food
recipes
champsdiet.com",Food_Drink,0.9933865775937203,targeted
AD_00039,"amazon
today's
deals
one
line
shop now",Lifestyle,0.9125464474262381,targeted
AD_00040,"online pricing
calculator
dock
blocks",General_News,0.38509600779840386,targeted
AD_00041,"tamron
150-600mm
[for sony and fujifilm]
$200
instant savings",Entertainment,0.2783258049146026,targeted
AD_00042,"ebay
motors
get the
parts your
jeep needs
take a look →",Automotive,0.5887805461943103,targeted
AD_00043,"with
best-ever
benefits!
+90 max lv.uumping &
new character pre-creation!
play now",Sports,0.2566644075200315,targeted
AD_00044,"higher quality
precision parts
crusader rotary die cutter",General_News,0.3007551684670758,targeted
AD_00045,"streamline your
team's file
sharing and
collaboration
with sharefile
make it easy to securely upload
and download files, set up
custom permissions, and
integrate with your favorite
productivity tools.
buy now
s sharefile",Food_Drink,0.3101400145335303,targeted
AD_00046,"today
in az
12newsl
weekday
mornings
4:30-7a",Lifestyle,0.2644892224628425,targeted
AD_00047,"ashley
relax in your retreat
shop bedroom →",Lifestyle,0.9311643830662734,targeted
AD_00048,"atomic force microscopy
online nanoacademy
live demos, webinars and seminars from
afm experts collected in one place. easily
join a live session or review on-demand
content from home!",Entertainment,0.2863583553590917,targeted
AD_00049,"you're ready, start
your mortgage
application today.
apply now
truist
equal housing lender.
mortgage",General_News,0.27371946659738267,targeted
AD_00050,"find your space,
claim your place
love your
lineage
an all-new podcast by
ldsliving
listen now",Entertainment,0.23324812904920153,targeted
AD_00051,"g
your tone
makes a
difference
establish rapport with a personal,
approachable writing tone.
download grammarly
+",General_News,0.3272479229764425,targeted
AD_00052,"an
ntd original
documentary
vaccine stories
you were never told
the
seen
crisis
epoch tv may 19
watch now >",Entertainment,0.7998457654229054,targeted
AD_00053,"if you insist on jogging
by my house please
put on decent clothing
my children do not need
haur aroafr
hands down the best yards
signs we've ever seen",Lifestyle,0.4495198516669335,targeted
AD_00054,"blackmagicdesign
new
pocket cinema
camera 6k pro!
learn more →",Lifestyle,0.3217333432550825,targeted
AD_00055,"trying to
eat healthy?
sign up to our
nutrition newsletter
subscribe
healthline",Health,0.9901778329361547,targeted
AD_00056,"αρεχ
settlement group
pay your
medical bills
sell life insurance
policy for cash",Health,0.7951229599331876,targeted
AD_00057,"aim
reation beves of maintance
aviation
maintenance
training",Travel,0.37289635691821726,targeted
AD_00058,"vorte
into the
vortex
two
charles e.
gannon
9781982192471
$26.00 us/$34.00 can
a little bit of
knowledge
can be a
dangerous
thing
book two in the
vortex of worlds
series
click to read an excerpt.
on sale 3/7
www.baen.com baen",Entertainment,0.31083100101175964,targeted
AD_00059,"redefining the value of digital evidence
in creating actionable intelligence
by larry wolter
senior product marketing
manager, cellebrite
read more",General_News,0.2644488561194126,targeted
AD_00060,"gear up and get outside
bike | hike run camp ski | explore
montpelier vt
onionriver.com",General_News,0.31134108508905234,targeted
AD_00061,"clean. healthy. hydrate like
use code: biousahockey
for 30% off
bio hydration.
steel
usa
hockey
war",Health,0.2973555569076746,targeted
AD_00062,"portfolio valuation
forum
attend in-person at kpmg's nyc
office or virtually via live broadcast.
june 28, 2023 | 3-5pm et
aicpa & cima
together as the association of international
carte profesa account",Entertainment,0.4061676510209794,targeted
AD_00063,"unwind with a
$300 travel credit.
experience more relaxing getaways
with chase sapphire reserve.
sapphire reserveⓡ
learn more",Travel,0.7015592013706412,targeted
AD_00064,"what's your next move?
create your own headlines with companies on the move
crain's detroit business",Business_Finance,0.7951588114818785,targeted
AD_00065,"o
download aplikasinya
16:57
tribunnews.com
a
sekarang
available on the
app store
get it on
google play
tribunnews.com
news bisnis super skor sport
87%
|||
seleb +",Entertainment,0.4956316769195869,targeted
AD_00066,"prolensa
(bromfenac ophthalmic
solution) 0.07%",General_News,0.2387545900454619,targeted
AD_00067,"sportsbook
softswiss
win
the market.
launch
sportsbook.",Sports,0.4166615917767245,targeted
AD_00068,"mit
technology
review
emtech
digital
join us
march 29-30, 2022
register now",General_News,0.3301729357787208,targeted
AD_00069,"uof sc
full-time mba programs",Entertainment,0.2742280363201992,targeted
AD_00070,"preplan
s sanders
frederick l. sanders, supervisor
funeral home and
cremation service, inc. 610-372-1624 | www.sandersfuneral.com",General_News,0.5060185260143967,targeted
AD_00071,"sandy hook
promise
learn the signs at sandy hookpromise.org",Lifestyle,0.2438407667627342,targeted
AD_00072,"your best comes
out of the blue.
explore boise state
b
boise state
university",Lifestyle,0.24076035219144437,targeted
AD_00073,"onewheel
introducing
pint x
higher performance,
longer range, same
fun size.
shop now
new",Automotive,0.283542861733668,targeted
AD_00074,"2023
the peninsula news
best
peninsula
reader's choice awards
vote
vote now thru march 26th",Entertainment,0.8708544355500405,targeted
AD_00075,"donate to a
greater good
cookies
for kids cancer
let's get baking
p",Health,0.49321593281180737,targeted
AD_00076,"continue >
1. home relocation
2. packing & moving
3. domestics relocation
packers - movers - cargo",Lifestyle,0.30070116467994445,targeted
AD_00077,"grand
wisata
2-5
rumah
2 lantai
1 menit dari mall livivng world
harga cicilan kpr | free biaya kpr
1,3m-an 6jt-an 3%
sinarmas land
building for a beter future",General_News,0.4092364563491564,targeted
AD_00078,"blunder #10:
mismanaging retirement
withdrawals
you've accumulated a large nest egg,
making the wrong withdrawals could
put your retirement at risk.
if you have a $500,000 portfolio, you
should read 13 retirement
investment blunders to avoid.
learn more
fisher investments",Business_Finance,0.679885561201718,targeted
AD_00079,"check out today's action at
sidearmstats.com
sidearmsports
go now",Entertainment,0.36796322798473696,targeted
AD_00080,"morris distributing
authorized clean burn distributor
50% va.tax credit
on a new clean burn
waste oil furnace or boiler",Business_Finance,0.3978373213829561,targeted
AD_00081,"eaton
technology
deg300 summit -
data centres
eaton dcd
சீமாறு இருள்வ",Entertainment,0.3618998394549776,targeted
AD_00082,"6 mistakes developers make
when they integrate payments
learn more
nmi",Lifestyle,0.73903237237921,targeted
AD_00083,"chattanooga
dental care
sition and central entry
say goodbye to
dental anxiety with
your sedation
dentistry experts
schedule today",Lifestyle,0.4752487540182154,targeted
AD_00084,"omni resorts
barton creek | austin
you paused
now play
▸ holiday in the hills",Travel,0.40530072548787605,targeted
AD_00085,"new & used computers netwo
(607) 729
save up toon city, ny
40% off
your current phone bill!
with our hosted pbx & voip
business phone systems
the
computer man
learn more",General_News,0.44157169010819863,targeted
AD_00086,"fast, easy, & convenient
bath, window, and door remodeling
west shore
home
evening & weekend
appointments available",Lifestyle,0.28810034902841436,targeted
AD_00087,"ixl
free math
practice
aa
kinder-
garten
1st
grade
2nd
grade
3rd
grade
%
4th
grade
5th
grade
6th
grade
7th
grade
8th
grade
algebra
x² 1 & 2
geometry
f precalculus",Sports,0.5645229878514655,targeted
AD_00088,"online
ur store
urban research",General_News,0.5283367222242562,targeted
AD_00089,"panoptica
the cisco secure application cloud
secure your
kubernetes clusters
try for free",General_News,0.21336540064498094,targeted
AD_00090,"awkwardest moments
caught on live tv",Entertainment,0.9911076323467332,targeted
AD_00091,i want one...,Entertainment,0.18997833245337528,targeted
AD_00092,"o
named a leader in
the forrester wave:
low-code development platforms
for business developers, q4 2021
get the report
b betty blocks",General_News,0.5296445276797858,targeted
AD_00093,"your hometown healers
doctor owned & operated
the
women's clinic
of northern colorado
schedule an
appointment
today!",Lifestyle,0.3454699088986327,targeted
AD_00094,"ashley
style starts here
find nearest store →",General_News,0.2734207745397441,targeted
AD_00095,"ing
bla
peral
blessing
urgent:
earthquake victims in turkey
need help now!
donate now",Food_Drink,0.41277097756215386,targeted
AD_00096,"noble
comfort
done right
learn more
14
locar
fire tube
lochinvar",Lifestyle,0.28940914172921267,targeted
AD_00097,"leaving
egypt
the f
leaving egypt
podcast
singer/songwriter alex mabey shares
how god's voice guided her through
her failed marriage and health
struggles
listen",Entertainment,0.5262664742716089,targeted
AD_00098,"dynavibe
how often
should you
balance
your prop?
learn more >",Lifestyle,0.5614596525983494,targeted
AD_00099,"lasting
weight loss
better me.
download on the
app store
get it on
google play",Health,0.5593404564099707,targeted
AD_00100,"wha
community driven
healthcare for
great plains
tribal members
get your ifob test today!
test for colorectal cancer in
the comfort of your own home!
get a
$35
fuel card
while supplies last",General_News,0.3819731333166537,targeted
AD_00101,"free resume
template
free resume
samples
resume-now
free resume
formatting
free resume
builder",Sports,0.3022939116885287,targeted
AD_00102,"the big bang theory
the one to watch
for chemistry
introducing
max
sign up now
starting at $9⁹9/month
subscription required. visit max.com",Sports,0.41187584494751656,targeted
AD_00103,"pre-season
friendlies 2023
teamviewer
shaw
cx
teamviewer
in teamvie
united vs ol
edinburgh
bt murrayfield stadium 19th july
buy tickets now",Sports,0.398570132592624,targeted
AD_00104,"$100,000
veteran
home giveaway
enter to win
presented by:
veterans united realtor.com
home loans
no purchase necessary. see official rules for eligibility, how to enter and all important details. ends 06/13/2023. *nmls # 1907. not a government agency. equal opportunity lender.",General_News,0.4719276028078281,targeted
AD_00105,"a mountain of
movies
dungeons and dragons:
honor among thieves
tom cruise
*top gun: maverick
scream vi
streaming on
mount+
try it free",Entertainment,0.4140182367222243,targeted
AD_00106,"cheap airport car
rentals rates from
$6/day
ladybug.com
search now
29",Automotive,0.5256188866185936,targeted
AD_00107,"the fastest & smartest way
to shop for your next vehicle
beaver toyota
beaver
direct
get started",Lifestyle,0.5987754590066424,targeted
AD_00108,"bloemen noch kransen
voor een betere wereld",General_News,0.2387545900454619,targeted
AD_00109,"your logo here
your sponsor ad here
click here for details",Entertainment,0.4361243137812812,targeted
AD_00110,"j.me
black
friday sale
up to
70% off
shop now",Lifestyle,0.6387038089398528,targeted
AD_00111,"pine valley body shop
before
after
click here for a free estimate",Lifestyle,0.5046952433969268,targeted
AD_00112,"city of dodge city
become our new fire chief",Travel,0.5892570285050617,targeted
AD_00113,"the dream is real!
get your jet
sub sonex
the personal jet reality check
fly with basicmed!
get started for:
$44,000!
subsonex quickbuild airframe kit
your bucket list
reality check!
kit + engine: $103,000
build & fly for: $113,828 all-in!
sonex
aircraft llc
www.sonexaircraft.com/subsonex",Travel,0.31416771066894117,targeted
AD_00114,"webeebly
a career at
broward center
goes beyond
the stage
glaurebbero
|08505600000
stemcell
big-bwana
rossfile
occorpioing
********
stretters
broward center
for the performing arts",Sports,0.4622793102068534,targeted
AD_00115,"rosetta stone
start your free trial today
chinese
spanish
french
italian
german
arabic
hindi
korean",General_News,0.4218227539213233,targeted
AD_00116,"opta analyst
co
improve your football knowledge
visit now",Sports,0.4913313217682054,targeted
AD_00117,"a brand new home
for cosmetic surgery.
schedule a consultation
christus.
southeast texas
plastic and reconstructive surgery center
st. elizabeth",General_News,0.23083160871013242,targeted
AD_00118,"the world's best veterinarians'
advice delivered to your door
each and every month!
cornell university college of veterinary medicine
cat watch
www.catwatchnewsletter.com
subscribe >>",Lifestyle,0.3128408098967591,targeted
AD_00119,"the vehicle is all electric.
the feeling is all mercedes.
a
mercedes-benz of dothan",Automotive,0.33334289576442777,targeted
AD_00120,"g jerome l. greene foundation
providing access
to the arts and
education in
new york",General_News,0.1984850273212815,targeted
AD_00121,"don't
just
know.
be in
the
know.
stay
in the
know ►
powered by globalspec
electronics 360",Health,0.18274729343532942,targeted
AD_00122,"subscribe to backyard poultry
backyard
america's
poultry favorite
poultry
magazine
homestead
poultry racke
for
the dangersc
halam
ng away at
change
sabinants
to pre
p
homestead
subscribe
today!",Entertainment,0.37074052998422596,targeted
AD_00123,"march is here. it's time to play!
hoops
frenzy
if your teams win,
so could you!
register now!
play starts
march 15!
sc
picks
brought to you by
bud light.
gharleston
beer works
ist
2002",Sports,0.6540851963526726,targeted
AD_00124,"two-month ramp
closure:
northbound
or 99w onto
or 217 north
starts may 31
of transportation
oregon
department
or 217
auxiliary lanes",Sports,0.29129173719016055,targeted
AD_00125,"staying healthy. staying active.
we have it all right here.
in your prime learn more
living your best life",Health,0.3768649972119852,targeted
AD_00126,"take the effort out of indulgence
firen ice
fire-roasted iqf vegetables
let's talk!
van drunen farms",General_News,0.32704973728458675,targeted
AD_00127,"daily bogo*
all month long!
*bogo for $2+tax limit 2 deals per customer c10-0000860-lic
w
wellgreens",Business_Finance,0.40700908674941266,targeted
AD_00128,"[1
11
philipp plein
made in italy
philipp plein™
made in italy
philipp plein
outlet
bags alert!
new arrivals for fw21",Travel,0.39009389507893977,targeted
AD_00129,"limited time!
debt consolidation
learn more
loans
adventure
credit union
ncua",Business_Finance,0.3506336419238204,targeted
AD_00130,"aramco
powered by how
discover how",Entertainment,0.6686326398103771,targeted
AD_00131,"analytical sfc
as easy as lc
• lc/sfc switching capability
• small footprint
automated
method
scouting
learn more. click here. shimadzu",Lifestyle,0.8324659804399838,targeted
AD_00132,"like this article?
support journalism like this
for less than 11¢ per day.
subscribe now
daily beast",General_News,0.23330812695638073,targeted
AD_00133,"(3
curuso
skilling
featured red
>ca
1.38479
join. trade. grow.
trade 800+ forex and cfd instruments
with competitive pricing.
start trading
*66% of retail investor accounts
lose money when trading cfds
with this provider.",Business_Finance,0.7401630187837905,targeted
AD_00134,"twinspires $200
with
code bet200
sign-up
bonus
sign up
see twinspires.com for details.",Lifestyle,0.308832111863613,targeted
AD_00135,"be there for the
biggest season ever
the official marketplace of the bears
t
infl
buy tickets",Sports,0.45010960421087093,targeted
AD_00136,"★2023★
choice
the official
awards
tri state's best
b
nominate your favorite businesses!
you could win $250! nominate now
(632)
citid
lataye",Entertainment,0.6555636332699041,targeted
AD_00137,"the 2023
mercedes-benz
vans
learn more
mercedes-benz vans",Lifestyle,0.5614596525983494,targeted
AD_00138,"improving
patient lives
is not what
we do, it is
who we are.
mh life sciences
knowledge that matters
explore more",Entertainment,0.40249455093657116,targeted
AD_00139,"clarity from complexity
insurance | reinsurance | capital partners
aspen
see how we work >",General_News,0.43351679995424763,targeted
AD_00140,"top fonts for every project
scriptd
serif abans serier achter
165
decorative
vintageon
containe
and more!
un taml
envato elements
start now",Business_Finance,0.19966939411141751,targeted
AD_00141,"moneycontrol pro
be the
bulla
in every market. pro
stay ahead
with",General_News,0.2355601977152949,targeted
AD_00142,"silverado
go above, beyond
or just about
anywhere.
t
chevrolet
explore",Food_Drink,0.37629122851870667,targeted
AD_00143,"pilot
honda
hit the ground
running in a
new honda.
accord
keystone honda dealers
cr-v
see offers
pilot trailsport shown cr-v sport touring hybrid shown.
accord sport-l hybrid shown.
honda",General_News,0.3142717062079636,targeted
AD_00144,"spring forward
with expert resources
from the aap
pediatrics in review
nicu neal care
p
2023
coding
webinars
ralierit
clinical practice
guidelinesces
american academy
of pediatrics
dan
dedicated to the health of all children",Lifestyle,0.325603181183994,targeted
AD_00145,"buy one, get one
free pillows
ends monday
starting at
2 for
$69
tempur-pedic
shop now
*terms and conditions apply.",General_News,0.22701660077923433,targeted
AD_00146,know before you go.,Travel,0.24336236839247632,targeted
AD_00147,"intece
the basics
of conducting
an incident
investigation
free webinar register now
thursday, november 18
1 pm (et)
ⓒsafeopedia",Entertainment,0.23571912602704284,targeted
AD_00148,"1st grade
2nd grade
3rd grade
4th grade
5th grade
6th grade
7th grade
8th grade
adapted
mind",Entertainment,0.3041179525545166,targeted
AD_00149,"go further,
faster.
take the world's
premier english-
proficiency test in
less than 2 hours!
register now
ets toefl ibt.",Lifestyle,0.1755378271209483,targeted
AD_00150,"virgin
voyages",General_News,0.2387545900454619,targeted
AD_00151,"propⓡ
grv media-
want to boost
your ad revenue?
find out more",Entertainment,0.2260953487373169,targeted
AD_00152,"high-speed rail now
to south florida
on sale
brightline
book now",General_News,0.6004049319443605,targeted
AD_00153,"fandango
f
fandango
we love movies
f
fandango
one gift card.
endless movie adventures.
buy now",Entertainment,0.6751514825752989,targeted
AD_00154,"your partner for
pre-owned aircraft
www.herreos.eu
ow
herreos
aviation
buy and fly with confidence
learn more",Lifestyle,0.44063960229149907,targeted
AD_00155,"the thrill of the
find, found here
shop now →
ebay",Lifestyle,0.9311643830662734,targeted
AD_00156,"future engineers
learn more
wanted
lake washington institute of technology
lwtech",General_News,0.3326113749317037,targeted
AD_00157,"the joshua fund'
has the war of
gog &
magog
already begun?
free ebook
has the war of
gog & magog
already begun?
read and decide
for yourself.
get my free copy",General_News,0.44536165644960346,targeted
AD_00158,"4 26
can you beat the spread?
check out the latest odds and sports betting analysis.
make your picks",Sports,0.6489930958938371,targeted
AD_00159,"unique.
local. book.
click here
to buy
valley memories
lworth's
valley memories
vzn
valley news
duilding supply, inc",Entertainment,0.3368949396130686,targeted
AD_00160,"we stand
together",General_News,0.3802616902749399,targeted
AD_00161,"mossberg
mc2c compact
14+1/16+1 capacity
mc2sc
micro-compact
11+1/14+1 capacity
mc2® pistols
learn more
optic-ready. carry-ready.",Lifestyle,0.20444109317617576,targeted
AD_00162,"wix
create your
own website
start now
home about contact
x
james worden",Lifestyle,0.2638301300115539,targeted
AD_00163,"up to 20% off
late shows
30
cirque du soleil
x las vegas
book now",Automotive,0.36376708899255866,targeted
AD_00164,"want the best value-for-money
itsm tool? with topdesk you
only pay for features you need.
try the demo
>topdesk",Business_Finance,0.33179346833027834,targeted
AD_00165,"memorial day
aarp
limited time offer
$9
when you sign up for a 5 year term
per
year
join now",Lifestyle,0.3249910108273015,targeted
AD_00166,"sofia's path to hapiness starts
with a health plan that puts her
well-being first.
harvard pilgrim
health care
a point32health company
enroll today",Health,0.7770510839804444,targeted
AD_00167,"heat
fu
live radio
you control
11
skip songs on live radio, only on
globalplayer
radio playlists podcasts",Entertainment,0.6421057574869901,targeted
AD_00168,"discovery
dream homes
log & timberframe
start living your dream
with discovery dream homes
view home plans",General_News,0.33753224638862156,targeted
AD_00169,"rates are rising...
it's a great time to refinance!
2.990 3.032%
interest
rate
30-year fixed rate residential mortgage
loans up to $2 million, no paints!*
*learn more
institution for savings
building stronger communities toorther since 1820,
member fdic member difnmlsid #410",General_News,0.26737235820815103,targeted
AD_00170,"new york
rangers
nhlshop.com
af fanatics experience
new york
rangers
shop now",Lifestyle,0.28619430408797586,targeted
AD_00171,"sportsfeeddaily
vision insights
must-have morning read
the hottest stories in sports business
two editions curated daily: main edition & college edition
free to subscribe",Sports,0.4616273683073971,targeted
AD_00172,"a million
little things
wednesday 10/9c abc",General_News,0.2251311982872884,targeted
AD_00173,"ip
si la placa de tu
carro termina en
8.9
noviembre
es tu mes para matricular
tu carro
0240000
00",Sports,0.2934417775478447,targeted
AD_00174,"defining the
smart manufacturing
journey
roundtable webinar series
sponsored by ra rockwell
automation
watch on demand
register now
*********",Sports,0.3335481705756738,targeted
AD_00175,"free february 2023 coupon codes
get codes",Business_Finance,0.23982634179140647,targeted
AD_00176,"click here to see available
jobs in summit county & beyond!
colorado mountain jobs",Business_Finance,0.3869266065015909,targeted
AD_00177,"crowdstrike aws
how secure
is your cloud?
find out and receive a
$1,000 aws credit
get a free health check",Business_Finance,0.4743091750967887,targeted
AD_00178,"interact with gq
be a part of
gocommunity
join now",General_News,0.4597606594824514,targeted
AD_00179,"hein
the
glenn armentor
law corporation
legal
authority
34000
lafayette
2009
times best
based on puble vote through
the times of acodiono",General_News,0.2347654447770027,targeted
AD_00180,"ca
summer
art camp!",Entertainment,0.2588998734074641,targeted
AD_00181,"make a
smari hiring event
smart wednesday, nov. 17 | 10 am - 2 pm
career move
thursday, nov. 18 | 9 am - 1 pm
oakland terminal
click for
details >>",Entertainment,0.45878583448836047,targeted
AD_00182,"us steel buildings
mene
garages | workshops | bams | barndominiums | storage buildings |
& more
free estimates engineered plans | construction crews available | contact us now!",General_News,0.28402068455762874,targeted
AD_00183,"cotosen
- up to
50% off
shop now >>
—",Lifestyle,0.9358430919901339,targeted
AD_00184,"yeti
yeti
yeti
new colors from yeti
shop for st. patty's day
spy",Lifestyle,0.6159539298050114,targeted
AD_00185,"follow us on
twitter
for philippine news and info
sopa
inquirer.net",Entertainment,0.5170212652681235,targeted
AD_00186,"custom coins
free design - free shipping
caption
f
police
dive
gs-jj.com",General_News,0.32643983976337315,targeted
AD_00187,"763
50% off
winter snow boots
kaegreel®",Lifestyle,0.6518669002323539,targeted
AD_00188,"real-time notetaker
your calls summarized, automatically
learn more balto",Lifestyle,0.2398187271735731,targeted
AD_00189,"toptoon+
we are
family
so who
cares?
mom
please...",Lifestyle,0.49203976692940643,targeted
AD_00190,"best friends
forever ♡",Food_Drink,0.43222429199862034,targeted
AD_00191,"ridge
meet the ridge.
a slim, rfid-blocking wallet
designed to streamline.
shop now
your wallet
1
our wallet",Lifestyle,0.2874880162483957,targeted
AD_00192,"nbc
people's
choice
awards
thank you
for voting",Entertainment,0.9343843887716565,targeted
AD_00193,"starring
kym whitley
and
with special guest star
tisha campbell yvette nicole brown
a bounce original series
act
your
age
all-new episode
saturday 8/7c
bounce
find where to watch at
bouncetv.com",Sports,0.4167888636351052,targeted
AD_00194,"heebs
fresh market
food raiser!
donate and we will
purchase the same food
and more at our cost!
learn more ►
can
the
griz
food drive",Food_Drink,0.6190497096864179,targeted
AD_00195,"irctc
motor
• use ipay, irctc's very own payment gateway!
• use ipay and minimise chances of booking failure.
• features of ipay are unique and are to be experienced!
t&c apply
jimete ipay",General_News,0.3855369285607486,targeted
AD_00196,"tires and oil need changing.
your headlight bulbs do, too.
sylvania
headlight
savings time
learn more",Lifestyle,0.44047058902469544,targeted
AD_00197,"alert
senior
internet
for just
$10 a
month
don't pay more than
$10/month for internet
and cable
see current offers
wallet genius",General_News,0.2555679882605015,targeted
AD_00198,"nutritious options.
aldi for any budget.
shop aldi",Lifestyle,0.5325140623916487,targeted
AD_00199,"well-fed
for your
well-being.
give back to yourself by giving
your hens purina* layena
layer feed for better eggs.
learn more >",Business_Finance,0.2083761376279312,targeted
AD_00200,"the
best
way to
learn
songs!
lessons include
guitar tab
backing track
video instruction
plus:
tempo control
minus guitar
minus band
looping
click track
guitar
instructor.com",Entertainment,0.29674679936161924,targeted
AD_00201,"we help people find answers,
solve problems and get inspired. learn more
d
dotdash
meredith",Lifestyle,0.6005985568015937,targeted
AD_00202,"plants
for a
better planet
early growing knowledge
lecture series
bird
special
course begins april 19, 2023
$74.99-$59.99
discount ends march 31, 2023
sign up now!",Business_Finance,0.2625710578621459,targeted
AD_00203,"hv
glacier, yellowstone
&grand tetons
join tom williams
click to save $100 per person",General_News,0.47810968154061906,targeted
AD_00204,"lilicl th
be careful who you hate.
it could be somedine you love.
flash sale
-up to-
off",Lifestyle,0.42524948017363895,targeted
AD_00205,"siemens
sirius modular
modular and
easy-to-integrate
digi-key schedule shipments
learn more >>
authorized distributor",Lifestyle,0.7978284931993531,targeted
AD_00206,"fashion and beauty,
delivered daily
sign up now",Lifestyle,0.33215926659919826,targeted
AD_00207,"soundproof like
framery.
futureproof like
no other
get a quote
framery",Health,0.33535727789816544,targeted
AD_00208,"sportsbook
softswiss",General_News,0.2387545900454619,targeted
AD_00209,"light in thebox.com
men's
hoodies
up to 65% off
limited offer",Entertainment,0.20512506903702507,targeted
AD_00210,"johnny moris
wonders of wildlife
national
museum & aquarium
experience,
america's best aquarium
learn more",Travel,0.47221159205928975,targeted
AD_00211,"play
save the girls
12
5
19
15
10
798
28
130
280
hero
wars
166",Sports,0.41902012484135354,targeted
AD_00212,"follow locked
your
team college
on
basketball
every day
podcast
view now",Sports,0.8212213946534448,targeted
AD_00213,"ashley
let the light shine
shop now →",Lifestyle,0.7683231078232577,targeted
AD_00214,"jbl
discover the jbl 4309 studio
monitor bookshelf loudspeakers",Entertainment,0.6686326398103771,targeted
AD_00215,"bond
university
gold coast, australia
see why bond university is qs rated 5 stars overall
register now for our virtual open day
cricos providercode
cosa provide
2",General_News,0.31939954399239734,targeted
AD_00216,"start
3 easy steps:
1: click ""start""
2: download shopping extension
3: apply coupon codes!
capital one
shopping",Lifestyle,0.5103860016568287,targeted
AD_00217,"pmc®
prodigy
bring
the studio
home",Lifestyle,0.3045917585420461,targeted
AD_00218,"cante
www.experiences.lifestyleasia.com
tolalay
exclusive luxury travel experiences
explore destinations",Travel,0.9131823734263113,targeted
AD_00219,"xfifteen
when milliseconds count.
20
shoei
shoei",Lifestyle,0.43830723542124767,targeted
AD_00220,"make sure you can trust your mac.
notarized by apple
get cleanmymac x
macpaw inc.",Food_Drink,0.3962144063568656,targeted
AD_00221,"goodness
celebrating all that's good.
pg
sponsored by
highmark.
ahn",Health,0.20645410136405234,targeted
AD_00222,"which
office
is right
for
you?
w
x
p
get the
best prices on
microsoft
office.",Lifestyle,0.3294074807327925,targeted
AD_00223,"idcita
busse
con
rame bt
semesta bogor
berpesta 24-25 juni 2023
fourtwnts
t
rizky
ferian
welg &
dessentials
gigi
bri
mo
last chile
ade ramkang
the 2 black
lapangan panahan pakansari bogor
@m loket
12+",Entertainment,0.39706314105956736,targeted
AD_00224,"stil pr
gifts for
listeners
shop
stlpr
sitil pr
under-
standing
starts here",Lifestyle,0.7183818496008583,targeted
AD_00225,"trint
speech to text to magic
collaborate
on video
transcripts
with remote
teams
get started",Sports,0.5283629057833045,targeted
AD_00226,"volunteer
at brat fest!
may 26-28
non-profits
sign up here",Lifestyle,0.22151718940857054,targeted
AD_00227,"custom window treatments
designed to fit your space
3dayblinds
buy 1 get 1
50% off*
book now >",General_News,0.528194520339926,targeted
AD_00228,"laxing
lancarkan
bab dengan m
nyaman
beli sekarang
1.000
laxing
jessica mila
following",Entertainment,0.17083058558391795,targeted
AD_00229,"nordic
naturals
ultimate
omega
a heart, bien
#1 fish oil & algae oil brand in the u.s.
get the ultimate omega-3
shop now",Food_Drink,0.19486807343728027,targeted
AD_00230,"sign me up
get your free
healthy
living
newsletter
daily tips delivered
right to your inbox
everyday health",Health,0.8884747007767049,targeted
AD_00231,"easterns
automotive group
any cat, any way for everyone
easterns
automotive group
shopping for a car?
let us earn your business again
shop
now",Lifestyle,0.43906737252917016,targeted
AD_00232,"utv
driver
5
(ceffalo
visit utv driver >",Entertainment,0.3849752251664324,targeted
AD_00233,"room
grand
theft
auto
samanderas
-freeamore",General_News,0.2260410873690024,targeted
AD_00234,"bisect
hosting
minecraft
trails&tales
affordable
minecraft
server hosting
order now",Lifestyle,0.3051977304216633,targeted
AD_00235,"bag
drive
over 20 donation boxes
across the wichita area
we are collecting new
suitcases, backpacks, & duffel bags
in a variety of sizes & colors
susan's kids donate today",General_News,0.30855788183186333,targeted
AD_00236,"free shipping
ashley layer in your style
shop rugs →",Lifestyle,0.7964874177368864,targeted
AD_00237,"discover more biological
insights into cancer.
that's the power of proteomics.
pioneer further
somalogic",Health,0.32086118663241175,targeted
AD_00238,"why wait?
great rates,
shorter terms!
term share specials for consumer and business accounts.
5 month term 9 month term
3.25% 4.25%
de
learn more
hawaii state
federal credit union
always right by you",Business_Finance,0.3484802200240785,targeted
AD_00239,"support & advice for caregivers.
get started
ad
-aarp",Lifestyle,0.6317320935596134,targeted
AD_00240,"beers family
dentistry
dr. chad beers
and dr. kyle lints
care for your smile
and let it brighten your day
same day crowns/teeth whitening
dental implants/bitesplints
red hot
winner
best
2013-2018-2021-2022
dx chad bw, d.d.s",Lifestyle,0.40427372820871665,targeted
AD_00241,"brunch at home
14 easy
brunch
recipes
homemade brunch recipes that
are worth waking up for",Food_Drink,0.9988712581833604,targeted
AD_00242,"want knowledge
delivered daily?
join our newsletter here
science alert",Entertainment,0.751722766026587,targeted
AD_00243,"computerweekly.com
read more here
the subpostmasters
vs
the post office",Entertainment,0.1722292133845962,targeted
AD_00244,"bals
more
than
money
nab
160 years
120 locations
65 regional &
get started
agribusiness
bankers",Lifestyle,0.3318756378021525,targeted
AD_00245,"fiverr.
short video ads.
long-lasting
success.
create your ad",General_News,0.25409388928391924,targeted
AD_00246,"dying liver???
4 warning signs your liver is
crying for help (#2 is scary!)",Health,0.5890827163013616,targeted
AD_00247,"steven
toyota
get trade in value
instantly!
shop now",Business_Finance,0.3873746296859532,targeted
AD_00248,"five years
(wtornut city dslls)
pomoⓒ
fifth anniversary
opening night celebration
ca
bulls
5
11/17/21
7pm
$5 tickets
and everything else $5 or less",General_News,0.2650542257562246,targeted
AD_00249,"styra
accelerate
secure infra
deployments
use the broadest
authz policy library for
kubernetes, terraform
and cloudformation.
learn more >",Lifestyle,0.35698694027339184,targeted
AD_00250,"innokin
klypse zip
pocket-sized satisfaction",General_News,0.20380881758628838,targeted
AD_00251,"the nature of time
1
in
g$
grand seiko
burdeen's
jewelry",Entertainment,0.19296934625049933,targeted
AD_00252,"sponsored by babbel and tripadvisor
two ways to maximize your
next summer vacation
read more",Travel,0.18512320264158552,targeted
AD_00253,"so take us with you!
the all-new outdoornews.com!
outdoor news
sportsme
1967
breaking
news for",Entertainment,0.7201345511009948,targeted
AD_00254,"komedia
smart
business
outlook
20
22
smartfm
rabu - kamis
24-25
november 2021
pukul 13.00 - 17.00 wib
klik disini
radio
network",Entertainment,0.3533994673701133,targeted
AD_00255,"how to trade options catorcensbet
how to
trade
options
free strategy guide
tradewins
ما را در این است
wendy kirkland
our trading
guide shows
beginners
how to earn
extra income
trading options.
get it
free today",Business_Finance,0.3670473574980529,targeted
AD_00256,"the shepherd
king
the life of david by pat robertson
get your
audiobook",Entertainment,0.2515487725702835,targeted
AD_00257,"internet
starting at
$25/mo
all-in!
2-year price lock!
astound
broadband
powered by rcn
*see website for detalls.",General_News,0.272363502437242,targeted
AD_00258,"rise above...
american
underca
premium steering and suspension",General_News,0.2785247581263372,targeted
AD_00259,"advent
kalender
gewinnt
6:
oto: osterche lotterien
wieder da: rubbellos-adventkalender
schenken oder selbst bis zu € 100.000 aufrubbeln",Entertainment,0.17476137824629415,targeted
AD_00260,"suporan
good health
begins with
great
primary
care
voted best clinic
or medical group
locals
river health
970.625.1100",Health,0.9960026136205895,targeted
AD_00261,"better flexibility,
better pay
apply now",Automotive,0.23689211166646548,targeted
AD_00262,"college
football
saturday night
powered by learfield
because saturday nights
are meant to be fun.
kate scott & mike golic
deliver a fresh play-by-play
broadcast this fall.",Sports,0.9347038600218358,targeted
AD_00263,"free guides
the grit free guides cover a variety
of self-sufficiency topics. choose one
guide, or all of them!
grit
gat
bread recie livestoon
they are free! start here >>
start downloading today to learn it all!",Lifestyle,0.2666759550865331,targeted
AD_00264,"sb zoom
blazer
shop nike.com",Lifestyle,0.6242391749348797,targeted
AD_00265,"d
free shipping
ashley layer in your style
shop rugs →",Lifestyle,0.7964874177368864,targeted
AD_00266,"buy. sell. trade. create.
canon
fos
change gear the
easy way.
buy used kit
mpb.com",Lifestyle,0.26853204085703,targeted
AD_00267,"aliens
dark descent
survive the deadliest creatures
mankind has ever faced
mature 17+
m
esrb
play now
playstation | xbox | pc",Entertainment,0.3499397177097232,targeted
AD_00268,"biogaia.
there's good bacteria, and then
there's the best bacteria.
julia
biogaia
prode
for gums
and teeth
e actre
order free
patient samples",Lifestyle,0.19285209659229932,targeted
AD_00269,"ready to join the ranks of certified
executive coaches in 2023?
get certified this april in san mateo via an an icf level 1/2
coach training program. raise the quality of your coaching.
for
executive coaching
learn more & sign up
↑",General_News,0.2948473415388519,targeted
AD_00270,"nanotec®
plug & drive
intelligent
motion control
solutions
c..........
peggy
!!!
view products",Entertainment,0.42121404386118094,targeted
AD_00271,"visit dr bragg
to earn...
bragging
rights
%
bragg
weight loss",Health,0.9151978441193015,targeted
AD_00272,"justfashionnow
ecc
(lc
00₂
free shipping",Sports,0.3022939116885287,targeted
AD_00273,"free dealer
price quote
get the best deal
on a new car!
get free quote",Automotive,0.5014181859643844,targeted
AD_00274,"independent
schools
now
11+/13+
answers
23 may 0930-1600
@the hurlingham club
1m",General_News,0.33701477111326633,targeted
AD_00275,"g grammarly
writing in
english?
we can help.
get grammarly it's free",General_News,0.21297466872632753,targeted
AD_00276,"chillbak™
soft coolers
camelbak
shop now",Lifestyle,0.9311643830662734,targeted
AD_00277,"websites
need lots
of content
everyday.
we need
writers.
apply",General_News,0.30517616446864054,targeted
AD_00278,"best in customer service
randall
lumber &
hardware
not in
z
cp",Travel,0.26591615987500866,targeted
AD_00279,"hashicorp
improve it ops productivity up
to 75% with terraform cloud
try it free →",General_News,0.2740473872404621,targeted
AD_00280,"peacock original
girls5 eva
圖
peacock new season
sign up now",Sports,0.26993235008511773,targeted
AD_00281,"ences
badk
thank
you
thank you!
show them your
support operation gratitude",General_News,0.5190411106430175,targeted
AD_00282,"black
friday
20% off
all devices!
68
tell health
sys
dia
pul
98-95
bioland
5.8
whill
8-22 10:08
telll health.com
shop now >>",Health,0.5934004307174747,targeted
AD_00283,"chefs
s
visa
$100 cash back
when you open the nfl extra points visa credit card and spend $500 on purchases
outside of the nfl in the first 90 days from open date. paid as a statement credit. 4
o
learn more",Sports,0.3772492688235039,targeted
AD_00284,"s
free tax stamps from
silencershop for your
socom rc2 762",Business_Finance,0.8395418057191961,targeted
AD_00285,"catch up on the
latest seasons
the equalizer
csi: vegas.
. s.w.a.t.
ocbs
streaming on
try it free",General_News,0.2724729970700582,targeted
AD_00286,"perfect
gifts
3
for the
holidays
nhlshop.com
af fanatics experience
hi
c
shop now",Lifestyle,0.953381227675511,targeted
AD_00287,"christus.
st. frances cabrini
hospital
live radar",Entertainment,0.2587214275785015,targeted
AD_00288,"big pharma's
price gouging is
the root cause of
out-of-control
rx drug prices.
nearly half of all brand name drugs now
cost more than $150,000 per year
when brought to market.
the campaign for
sustainable rx pricing",Business_Finance,0.4374302209717816,targeted
AD_00289,"the latest look
ashley for your new home
shop now →",Lifestyle,0.7716841491271829,targeted
AD_00290,"* free
summer meals
for kids and teens under 18.
text ""food"" to 304-304 or visit
nokidhungry.org/help
no kid
hungry
find free meals",Health,0.352690100916869,targeted
AD_00291,"icna
con
2023
48th annual
icna-mas
convention
faith family future
success in divine guidance
young muslims
conference
quran recital
competition
matrimonial
event
technology
track
jump &
fun
children with
special needs
27-29th | baltimore
convention
may 2023 center
memorial day weekend",General_News,0.35886218566305306,targeted
AD_00292,"fiverr.
app development?
we're up for it.
find a freelancer",Entertainment,0.43277791131521975,targeted
AD_00293,"=40
-135
+110
you from the 'land? 205
you bet.
-34
deposit $200, get $250
tipico
sportsbook
bet now
usa today
sports
terms apply. 21+ only. bet with your head, not over it. gambling problem?
call 1-800-gambler (nj, oh), 1-800-122-4700 (co), 1-800-bets-off (ja)\
3
ليا",Sports,0.5118149342438336,targeted
AD_00294,"auto loans
>>low rates
>>local decisions
done right! >> easy online process
ncua
а
adventure
credit union
learn more>>>",Lifestyle,0.34720167337316604,targeted
AD_00295,"°shi
authorized reseller
mac in the
modern workplace
explore",Food_Drink,0.29300901005340235,targeted
AD_00296,"your name
fine
alespirits
your place
personalized
beer gear
get started
www.inkpixi.com",Entertainment,0.18953926741263724,targeted
AD_00297,"michelob
ultra
wow
maty
michelob
ultra
in india indo
15
michelob
order ultra now
enjoy responsibly © 2023 anheuser-quach, micheleb ultra light gear, st. louis, mo",General_News,0.23699420217898473,targeted
AD_00298,"win a trip to
nashville!
ono
sounds
ryman
haltime
sign up at:
ccm
magazine.com",Sports,0.41228464421192823,targeted
AD_00299,"0888
818.co
www.
* 8.8
www.
****
8:88
bd dd
bd dd
888
888
a
renowned power meets
revolutionary intelligence
learn how
server
technology.
a brand of dingd",Lifestyle,0.340885379857114,targeted
AD_00300,"cultivating the floral community
floriexpo
may 31 - june 2, 2023
fort lauderdale convention center
fort lauderdale, fl
learn more",General_News,0.3719138884838357,targeted
AD_00301,"12th gen intel® core™ desktop process
built for the next
generation of gaming.
15
intel
core
veidoare
cobs
intel
core
unlocked
ⓒ intel corporation.
19
19
essors
cobg
intel. + newegg
save now >
intel
core
intel.
intel.
intel.
core core core
cobg
17",Lifestyle,0.22655722642746026,targeted
AD_00302,"seraphim
intersolar europe 2023
booth: a1.460
""global pv market outlook ""
presentation 14 jun 14:45pm (munich time)
jenny chase
bnef solar specialist
17.",Business_Finance,0.38286872082207707,targeted
AD_00303,"the packers schedule is here.
schedule score tickets at ticketmaster. t g buy tickets
release buy or sell tickets at the official marketplace of the nfl.
'23",Sports,0.25845415071165584,targeted
AD_00304,"the easiest way to
buy&sell
used equipment
chla
purple
wave
auction",General_News,0.37399981203571364,targeted
AD_00305,"new beginnings are in season
and that
max original
just'
like
a new chapter of sex and the city
new season max
streaming thursday
watch trailer",Entertainment,0.42932961910467343,targeted
AD_00306,"defeat the boss!
12
5
3
130
69 145
hero
wars",Sports,0.28427681840685803,targeted
AD_00307,"virtue
the golden virtue:
unveiled
by tanja murgel-subotic
unveil the true essence that lives within
there is no greater power
than the power of love
enter
to win",Lifestyle,0.3088012902247584,targeted
AD_00308,"voyages
- συβαρις 27
santorini, greece
airfare credit
up to
$1200 free
drinks
per cabin up to $600
book by may 24th
book now",General_News,0.274276783897364,targeted
AD_00309,"www
building a brand?
bluehost makes it happen.
bluehost
get started",Automotive,0.21966217549001812,targeted
AD_00310,"st. jude
dream home
giveaway
it's a win-win to help
patients like ay'den
what could i win?",Sports,0.5421451933361051,targeted
AD_00311,"cabela's
hornady
must-haves
shop now
the
worl leaser
lancedy",Lifestyle,0.9311643830662734,targeted
AD_00312,"introducing the new
yz450f g
lighter. slimmer. faster.
yamaha
rey your heart
2023 yz450f",Entertainment,0.3778757826088846,targeted
AD_00313,"waterview
casino & hotel
the official sponsor
of wjtv's coverage
of the big tournament
the big
2wjtv tournament
news focused on you",Entertainment,0.4983140040674935,targeted
AD_00314,"localsolutions
powered by cox media group
strategic. trusted. solutions.
learn more >>",Lifestyle,0.2796066266264601,targeted
AD_00315,"west virginia's first waffle and soda bar!
the swaffle shack 419 virginia street west
charleston",General_News,0.33465595194388253,targeted
AD_00316,"d
ab
criciirush
collect play. win
unlock
experiences
& cash prizes.
sign up today",Sports,0.5573185583309066,targeted
AD_00317,"where bounty
meets beauty.
r
rice village",Lifestyle,0.22872891793354783,targeted
AD_00318,"support local
journalism
ivlrn
public media
opbs npr
donate",General_News,0.6605619568738023,targeted
AD_00319,"sponsored by bell
free texting for
aeroplan members
message friends, family and
colleagues, over wi-fi, while flying.
sponsored by bell.
air canada
learn more",Sports,0.3846084967460142,targeted
AD_00320,"ufc
fight for gold,
fight for glory
drink responsibly.
modelo especial and modelo negra bers
imported by crown imports, chicago, il
modelo
modelo modelo",Sports,0.8405557655670192,targeted
AD_00321,"stk
a new way to watch tv
anywhere
and it's all free
available on:
roku, apple tv,
fire tv, ios & android
check it out",Entertainment,0.9329128661322555,targeted
AD_00322,"commemorate tom brady's
legendary career
with this hardcover book
greatness
click
to save!
usa today
sports",Sports,0.8692207414023387,targeted
AD_00323,"america's
best racing
your next experience
get in the action
americasbestracing.net",Automotive,0.19328679936173146,targeted
AD_00324,"start
3 easy steps:
1: click ""start""
2. add moviestostream extension
3: find out where to watch movies and shows!
movies stream",Entertainment,0.9690379241258978,targeted
AD_00325,"for the love of
memorizing every song.
for the love of progress™
use your citi® card to get special access to purchase tickets to
thousands of events, including presales, exclusive experiences and more.
citientertainment.com
citi
©2022 citigroup inc. all rights reserved.",Travel,0.3168685824515061,targeted
AD_00326,"andante
travels
travel
with the
number 1
tour
operator for
archaeology",Travel,0.9415383588085351,targeted
AD_00327,"cost-effective
solutions
policies & updates
• wellness resources
learn more
lexipol
• online training
• grant services",Health,0.9242722933862549,targeted
AD_00328,"ready to
get back to
your crew
safely?
lo
get up. get out. get vaccinated.
find a vaccination site near you click here",General_News,0.25272020378512156,targeted
AD_00329,"$15 cash back
on today's online purchase.
continue →
just for trying smartyplus",Lifestyle,0.26041706985442625,targeted
AD_00330,"yout
july 3
parade
////|||||||||
city of
south lake tahoe july 4 | 9am",Travel,0.4607626687622261,targeted
AD_00331,"g
meet the newest
pixel devices
learn more devices sold separately.
wwwwwww",Lifestyle,0.4941143546716816,targeted
AD_00332,"dying liver?
most people notice this too late.
4 warning signs (#2 is scary!) >",Health,0.30244185338079044,targeted
AD_00333,"visit
lubbock
texas wine
starts
in the
high plains",General_News,0.26766457182748005,targeted
AD_00334,"fox america's weather team™
weather
watch now",Entertainment,0.423203875048147,targeted
AD_00335,"finescale
modeler summer sweepstakes
the essential tool for model builders",Health,0.1900990279559317,targeted
AD_00336,"new!
oracare+
the secret
your smile.
12h
dental
protection
mam
wracare
oracare+ total
agspira
t",Lifestyle,0.31205942548885873,targeted
AD_00337,"thedallasopera™
a fresh new take on mozart's romantic comedy!
mozart
così fan tutte
march 24 - april 1",General_News,0.2852466299213631,targeted
AD_00338,"shandon
hotel & spa
+ take me shandon",Travel,0.6738192956252074,targeted
AD_00339,"access your
favorite websites
from anywhere
access now
o
purevpn
f1
4x
f2
app
ope
()
f3
mok
a
f4
setup
3
ddy
ka
a
bp",Entertainment,0.3280001502653899,targeted
AD_00340,"the summer party
salt city
wine & dine
aug. 19 | la caille
21+ event
40+ food and drink
vendors
vip experiences
live entertainment
with night concert
get tickets >>
vida lok
yoko lamen",Food_Drink,0.4997712406622136,targeted
AD_00341,"""the ring is perfect and is
exactly what i was looking for.
even now, a month later, it still
dazzles me every time i look at it.""
brilliant earthⓡ
shop now >",Lifestyle,0.4524746605025348,targeted
AD_00342,"america's weather team™
fox
weather
watch now",Entertainment,0.423203875048147,targeted
AD_00343,"g grammarly
get grammarly it's free
be best english writer you can be!
the best",Food_Drink,0.2200752493026736,targeted
AD_00344,"roselinlin
up to
80% off
shop now",Lifestyle,0.5833416816893477,targeted
AD_00345,f facebook.,General_News,0.5528311064867459,targeted
AD_00346,"p
minecraft
ver 1.0
aattlegrounds
bu
grand
theft
auto
san
fungame share",General_News,0.39652320927749485,targeted
AD_00347,"just
fashion
now
namora
christmas
sale
shop now",Lifestyle,0.8847091755772827,targeted
AD_00348,"on sale now!
you don't want to
miss the dukes this
season at
the atlantic
union bank center
purchase single-game
tickets today!
jmu
allantic
center",Sports,0.4048265319468296,targeted
AD_00349,"learn how reciprocating
vs. drum style aeration
can maximize productivity
30"" hydro
aerator
25"" hydro-drive
aerator
billy
goat.",Lifestyle,0.40462925137564754,targeted
AD_00350,"together,
we game.
kioxia
fioma
exceria ssd
exceria plus
nvme ssd
kioxia
kioxia
exceria nvme ssd
buy now",Entertainment,0.3135512499113145,targeted
AD_00351,"historic turkey trot
5k run/walk & fun walk
saturday, november 27
register
today
#historic bethlehem
museums & sites",General_News,0.31344464801087973,targeted
AD_00352,"purple we're helping abuse survivors
leash
project
& their pets escape & heal together.
purina + redrover
learn more",Entertainment,0.3365283651768357,targeted
AD_00353,"choose your sign
to see what is coming next
aries
leo
taurus
virgo
sagittarius capricorn
gemini
r
libra
aquarius
cancer
scorpio
pisces
caboonsaks
astrology answers",Health,0.3570003871486987,targeted
AD_00354,"charles daly
the shooting sports specialist™
model 601
mossy oak bottomland
versatile & affordable
semi-auto shotguns
view all models",Sports,0.3513387716689349,targeted
AD_00355,"13
hero
wars
try now",General_News,0.20550272243147796,targeted
AD_00356,"the marke
the state of yachting 2023
download now",Sports,0.21315211966182132,targeted
AD_00357,"june
teenth
freedom day
june 19
proudly
presented
by
tel-tec
security systems, inc.",General_News,0.35592562180118353,targeted
AD_00358,"md mclarty daniel
a family of dealerships
jeep gmc @ck
best selection in
northwest arkansas
8",Automotive,0.43474710088684126,targeted
AD_00359,"||parallels
140
run windows
on mac
parallels desktop
for mac
try now",Food_Drink,0.4092356771534286,targeted
AD_00360,"sissiparks.
clarksburg
splash
zone
summer
fun",Entertainment,0.4976240172548354,targeted
AD_00361,"annual
22nd
wa
whatsonstage
awards
you decide the shortlist
nominate now",Entertainment,0.8713329990644311,targeted
AD_00362,"the
spruce.
cleaning
meet our
print issue!
get it now",Lifestyle,0.4487784409766798,targeted
AD_00363,"paradise city arts festival
220 juried artists & makers
great food, music & more!
may 27, 28 & 29
3 county fairgrounds | northampton, ma
info-tickets-discount coupon",Entertainment,0.30853564518230586,targeted
AD_00364,"1st grade
3rd grade
5th grade
7th grade
real learning can
be really fun
2nd grade
4th grade
6th grade
8th grade
adapted
mind",Entertainment,0.36810392593672153,targeted
AD_00365,"home helpers®
making life easier
giving care the way
you want to be cared for.",Lifestyle,0.6794541478264823,targeted
AD_00366,"not liberal. not conservative. just local.
the times
get our free
newsletters",General_News,0.2806877258237977,targeted
AD_00367,"tree
santor
match on!
the showstopper,
luchador!",Lifestyle,0.2941766934043202,targeted
AD_00368,"join the
celebration
learn more
25
disney cruise line
©disney",Entertainment,0.37010362780980044,targeted
AD_00369,"lightology
x
domino
let's glow!
win a $2,000 credit at lightology.
enter now",Sports,0.2009081758733907,targeted
AD_00370,"get ready and bon voyage
until may 27, buy miles and
get up to 85% bonus miles.
united
mileageplus.
buy miles",Automotive,0.29322400615054384,targeted
AD_00371,"bacon
beer
bourbon
festival
and",Entertainment,0.5698592475736738,targeted
AD_00372,"freebies & deals
save big on the stuff
you need the most.
get deals
tlo",Lifestyle,0.27626900783154634,targeted
AD_00373,"thousands of teens in foster care
can't wait to share their firsts with you.
learn about adoption
adopt us kids ad",Lifestyle,0.5906455044770201,targeted
AD_00374,"free
coupon
see codes
capital one shopping
the coupon-finding
browser extension",Business_Finance,0.27200439913978386,targeted
AD_00375,"& world report
find the right
insurance for you
u.s. news ranked the
cheapest car insurance
companies in 2022.
get quote",Automotive,0.4742521645652589,targeted
AD_00376,"hero
wars
(the loot
salle
you have only
2 moves
try",General_News,0.3583428261280507,targeted
AD_00377,"2023 silverado
every truck tells a story.
make yours a strong one.
heart f
alabama chevrolet
chevy dealers
learn more",Automotive,0.4904884001109399,targeted
AD_00378,"federally insured
by ncua
13 and 26 month
apy certificate special
4.75%
communication
federal credit union
click for details",Business_Finance,0.23940237313429005,targeted
AD_00379,"bite back
fielding law
accident injury attorneys",General_News,0.47009319946887274,targeted
AD_00380,"aim
aviation
maintenance
training",Travel,0.37289635691821726,targeted
AD_00381,"b
nhlshop.com
af fanatics experience
black
hawks
shop now",Lifestyle,0.5632038718021547,targeted
AD_00382,"wix
create your own
online store
11
get started
organic
skin care
shop now
good night
pure",Lifestyle,0.34902815873064,targeted
AD_00383,"go miami
discover now",Entertainment,0.6686326398103771,targeted
AD_00384,"t
wellness for your
clients and you
apply now",Health,0.9999958965290257,targeted
AD_00385,"be
cool
मे
mendukung keberlanjutan
tanpa peningkatan biaya.
epson
gi",General_News,0.2387545900454619,targeted
AD_00386,"black
friday zolucky
soft.clouds
up to
50% off
shop now",Lifestyle,0.911315777521277,targeted
AD_00387,"register
powerful perseverance
je
covid
read, reflect, and
revive your faith this lent
national catholic
register get 6 free issues",General_News,0.4005066069567409,targeted
AD_00388,"continue >
lets move easy
move with us..",Lifestyle,0.6157962216700876,targeted
AD_00389,"carfax
now
hiring
tech
professionals
and more!
learn more
car
fox",Automotive,0.5691442133115564,targeted
AD_00390,"everyone had a crush on her
in the '90s. this is her now.
mandy moore turns 37.
this is her now.",General_News,0.3814645497579712,targeted
AD_00391,"there were 62.9b
cyberattacks in
2021.
are you ready?
cbtnu ets
try free",Automotive,0.28012355507704273,targeted
AD_00392,"vid
merican
eva
urina
mls
shop now
atti
mlsstore
canyo
ss minerals
austi
3
thomas",Lifestyle,0.5143320848408057,targeted
AD_00393,"the star
less is
more
t&cs apply.
interactive
and
000000
the star
wy
00000000
-",Entertainment,0.5263635707970076,targeted
AD_00394,"continue to recipe
3 easy steps: 1) click ""continue to recipe"" 2) add recipeforme extension. 3) see delicious recipes!",Food_Drink,0.988997081546444,targeted
AD_00395,"2023
best
peninsula
vote
vote now thru march 26th",Entertainment,0.30589778438942855,targeted
AD_00396,"ochrome os
cloud-power your
business and
maintain access
to legacy apps.
access windows apps on
chrome os in secure virtual
environments.
learn more",Lifestyle,0.31898721707168387,targeted
AD_00397,"webflow
design & develop
at the same time
||||
iiio
iiio",Automotive,0.25876207542071405,targeted
AD_00398,"black hat
asia 2023
may 9-12, 2023
marina bay sands/singapore
learn more",Lifestyle,0.5847475043675284,targeted
AD_00399,"ebay
the thrill
of the find,
found
here
shop now →",Lifestyle,0.9311643830662734,targeted
AD_00400,"the rebound
relieve. respond. revive
working toward
financial recovery
together.
learn more",Lifestyle,0.2737992604117758,targeted
AD_00401,"always
dreaming
expect better®
find a home >
each franchise is independently owned and operated.
sold
better
homes
real estate
bhgre.com",Business_Finance,0.49798507182962737,targeted
AD_00402,"spring-soraya
buy tickets!
csun.",General_News,0.18865795936622745,targeted
AD_00403,"more of everything you need,
from idea to execution.
get started
shutterstock",General_News,0.34484176562613394,targeted
AD_00404,"ryan adams
spring 2023
march 18
federal way paec
get your tickets today!",Lifestyle,0.3173663196507374,targeted
AD_00405,"start now
capital one
shopping
3 easy steps: 1: click ""see codes"" 2: download shopping extension 3: apply coupon codes! bestpromocodes.co",Lifestyle,0.5269358809321502,targeted
AD_00406,"m
maroc
actualites",General_News,0.2387545900454619,targeted
AD_00407,"personnel today
sign up to receive
hr news",Entertainment,0.6878605655080995,targeted
AD_00408,"ochen
tvis
cocountinl
1798
chenango county
now hiring
case worker &
social welfare
examiner
apply here",General_News,0.41230007609965696,targeted
AD_00409,"the list
house
& garden
alice palmer
find a design
professional
discover more",Lifestyle,0.38615367996088307,targeted
AD_00410,"optimal 57° angle for
day-long comfort
discover lift
vertical ergonomic mouse
learn more
logitech",Entertainment,0.355277199633165,targeted
AD_00411,"discover botswana
africa's most exclusive destination
experience excellence | safari.co.uk
africa
exclusive",Entertainment,0.49359701735067835,targeted
AD_00412,"imsa
weatherch
sportacar championship
usa
sebring international raceway
sat | mar 18 4:30pm et
imsa",Sports,0.3044530297498125,targeted
AD_00413,"used by technicians
and
dealers alike
auto service
professional",General_News,0.4624822706227133,targeted
AD_00414,"priority
urgent care
time saving
online appointment
scheduling.
location
near you
wie
6.00
ok
19:00
pa
est
cher don
pidge forged",General_News,0.3261764269077454,targeted
AD_00415,"columbia
university
m.s. in
human
capital
management
learn more",Lifestyle,0.33393191536608047,targeted
AD_00416,"schrade
slyte folders
made in the usa, d2 blade steel
& ultra thin construction
shop now",Lifestyle,0.4147383535049251,targeted
AD_00417,"some things
are inevitable.
diabetes doesn't
have to be.
diabetes.org/risktest
american
diabetes
association.
a
connected for",Health,0.3476763235948063,targeted
AD_00418,"stop the
tall
boot flop
add boot stuffers
www.shoptheposhpony.com",Entertainment,0.36558422722169953,targeted
AD_00419,"*
everything
foodie
re
click here to register
0101013
0101010",General_News,0.2387545900454619,targeted
AD_00420,"the
franchise
show
interested in owning
your own franchise?
open
november 20 & 21
north carolina
state fairgrounds
get free tickets!
your cbd store
celebree
school
7-eleven
franchisease.
ultra
pool cane squad
sobol
m
mindoman
press
auxomedical
ellianos
coffee
honest abe
rooting",Sports,0.3025686457733914,targeted
AD_00421,"lamps plus
let
yourself
shine.
shop now",Lifestyle,0.6218030578480506,targeted
AD_00422,"goldencheck
you want to check up on your parents.
but they're in florida and you're not.
golden check are here when
you can't be.
click here to access promo code",Entertainment,0.26372932368600127,targeted
AD_00423,"is your coverage
up-to-date?
• home • auto
• farm & ranch
• life • dwelling
bolenbaugh insurance
agency, inc.
agent geneva bolenbaugh
click for quote
insurance",Entertainment,0.33056195170377456,targeted
AD_00424,"automation.
transparency.
industry-leading expertise.
choose us as your self-serve
advertising partner.
contact us
danads™",Lifestyle,0.5149433328088987,targeted
AD_00425,"keep your
bobcat equipment
performing
like new.
ce kit
bobcat.
buy bobcat parts",Automotive,0.24059882140265298,targeted
AD_00426,"ddmv7
new cobalt / fde finish
c
defense
shop now
3 months interest free financing*
*not all offers are 3 months interest free. subject to credit approvall.",Lifestyle,0.3382973295848042,targeted
AD_00427,"exchange
capital management inc
when can i safely retire?
click here for answers",General_News,0.42579367917615657,targeted
AD_00428,"the city
the first book
to explore
authentic how our cities
gentrify by
becoming
how the attention economy
builds urban america
david a. banks
social media
influencers-
and why it
works.
university
of california
press",General_News,0.3299971391771821,targeted
AD_00429,"mitsubishi
pajero
sport gsr
sush chl
tek-706
isuzu
mu-x ls-t
ford
everest
sport
which
4wd
wins?
carsguide",Automotive,0.6744757422695473,targeted
AD_00430,"baca berita, main quiz, live stream
& nonton film gratis dalam satu aplikasi
idn
download
idn app
download on the
app store
android app on
google play",Entertainment,0.4182948518508522,targeted
AD_00431,"benefit-specific, functional.
holiday sale -40% off
shop now
use code: enjoy40
ne
121
reed
soms
wwwinge",Lifestyle,0.5069404089657988,targeted
AD_00432,"wizarding
world
| harry potter
bano 1
hot topic
shop now",Lifestyle,0.6142364833969945,targeted
AD_00433,"irwin view all special offers at:
www.irwinzone.com
603-524-4922
automotive group
hyundai
toyota
super
spring trade in",Entertainment,0.2332172913278736,targeted
AD_00434,"stay ahead of the curve
competitive intelligence tools >
s&p global
market intelligence",Business_Finance,0.2179926757213139,targeted
AD_00435,"raleigh
general
hospital
ri
the only level iii trauma
center in the region
click here",General_News,0.42045984272730336,targeted
AD_00436,"28
sandbil
bath & body works
ather body award
ocean
sy rath & body wor
he collec
choice
allure
the party fest
2023
ma
you like us, you really like us!
thanks for voting us
best hand sanitizer",Health,0.2881924872133596,targeted
AD_00437,"manlines
the art of manliness collection
-the art of
manliness
collection boxed set
signed by brett mckay
buy now",Entertainment,0.24175874455355725,targeted
AD_00438,"waterfront
sound
festival check
the
porter
open to
the public!
x
xport
bar & lounge
featuring lo steele
fri, june 30. 4:30-6pm
1355 sw 2nd ave",General_News,0.26868600861647285,targeted
AD_00439,"cirebon
festival
arhanud 14 cirebon
bil
17-18 juni 2023
**get tour tickets
judika. marion jola. rizky febian
mc danny. aldy jadong. tiara andini. danilla. lyodra
music. culinary. art.sport. community. games
ja
tiketbox",Entertainment,0.8214352520395491,targeted
AD_00440,"singing birthday cards
it sings their name!
happy birthday to you!
happy birthday
to you
have a fab birthday
the
birthdays
fab birthday
card
send one now",Entertainment,0.48011550592967994,targeted
AD_00441,"expert neuroscience & spine logan
care offered in montana.
health",Health,0.4483962480510815,targeted
AD_00442,"friedmans
appliance
100 as
experience the miele innovation center
exclusively at friedmans appliance
miele",General_News,0.3231475244937744,targeted
AD_00443,"this season's
outstanding
hat-trick.
5.99%
p.a interest
2
no deposit,
36 months
to pay
3
3-year
warranty
suzuki
kingquad
in stock now. from $13,999.
find out more
*t&cs apply.",Business_Finance,0.42845736416085795,targeted
AD_00444,"nhlshop.com
af fanatics experience
þ
dal
hockey
shop now",Lifestyle,0.3232168836025667,targeted
AD_00445,"ii promach
performance, packaged
can with
confidence
prof 200v
carbonated or non-carbonated, hot
or cold, the profill v volumetric filler
cans your beverage with unmatched
consistency and accuracy.
techniblend
helping make beverages to serve the world",Food_Drink,0.534620096998591,targeted
AD_00446,"teen
esrb
saude
vndj
the
lamplighters
league
the
coming 2023
wishlist now",Lifestyle,0.31360540239239065,targeted
AD_00447,"follow the
trail with
national
geographic's
trails illustrated
maps
buy here",General_News,0.6359624644140651,targeted
AD_00448,"enter to win a
fire rescue 1) $250 gift card
take survey",General_News,0.2604740048152652,targeted
AD_00449,"amortgage.net
today's refinance rate
* apr 15
1.997%
1917
no registration, no login required
calculate payment
*terms & conditions apply. nmls #1912050 (nmisconsumeraccess.org).
yr fixed
term",Lifestyle,0.24759232490730587,targeted
AD_00450,"pw
star
watch
2023 nominations now open!",Entertainment,0.37108876356884185,targeted
AD_00451,"-sale-
-80%
tele
roselinlin",Automotive,0.25591298451319117,targeted
AD_00452,"stop adversaries.
stop breaches.
crowdstrike
get the 2023
global threat report >
case
verwatch
falcon oy
return
longited effort
high
kodic
operations
supporting the
wadka",General_News,0.5391249836834289,targeted
AD_00453,"amphenol
single pair
ethernet (spe)
ip67 cables
and connectors
compatible
with iec
63171-6
interconnect
digi-key schedule shipments
learn more >>
authorized distributor",Lifestyle,0.443470788828991,targeted
AD_00454,"server
technology.
renowned power
meets
revolutionary
intelligence
learn how",Lifestyle,0.48730135773609656,targeted
AD_00455,"visit
achert
manin alcunt
fit for life
health & wellness
expo
june 3rd
6
ktal
enter for a chance to win a
viaggio del mar 20c
pontoon boat
provided quality
by
outdoor
superstors
raport mana",Health,0.9817139278302064,targeted
AD_00456,"faithful to
the bay
official beer sponsor | enjoy responsibly. co 2022 an-euser-busch, bud light's beer, st. louis, mo
buy now
bud
light
bud
light
official sponsor
s",General_News,0.32506737166932337,targeted
AD_00457,"the pet salon
626 n. van buren, enid
full service grooming for
both dogs & cats
boarding daycare",Lifestyle,0.3960518912104451,targeted
AD_00458,"continue
3 easy steps:
1) click 'continue'
2) download on our website!
3) get quick search tool
quick search tool",Lifestyle,0.18978723537442393,targeted
AD_00459,"ibtimes fast start
let the best of international
news come to you.
sign up now",Lifestyle,0.2553503768654054,targeted
AD_00460,"tradestation
explore options
on large cap
stocks and more
with advanced analysis tools
on option station pro.
get started",General_News,0.3553750936439922,targeted
AD_00461,"$
$
promo codes
available
get automatic savings at checkout.
$
capital one shopping
unlock free coupons
the coupon-finding browser extension
$",Business_Finance,0.23021260271405225,targeted
AD_00462,"5 staples to get more leads
1
2
3
4 programmatic advertisements
5 an automated crm system
a fully optimized website
google ads & local service ads
social media ads
let us do
the work!
479-202-9903
www.customerswhostick.com
flypaper",General_News,0.28238343913857666,targeted
AD_00463,"startpage protect your online
search engine financial activity
search privately",General_News,0.3256710592408718,targeted
AD_00464,"decas
beach
in your
back yard
book
now
brett/
robinson
gulf shores
& orange beach",General_News,0.2546118529170206,targeted
AD_00465,"delaware's
home show
march 18-19. chase center on the riverfront
thehomeownersexpo.com
diy
network's
stone house
revival,
jeff devlin
click to learn more",Lifestyle,0.4430576769466894,targeted
AD_00466,"put it to
the test
free demo >
verge
cecil's
tractors & truck repair",Automotive,0.4051702740753413,targeted
AD_00467,"umcor
sunday
support the sustainable work of umcor
give now
special
sunday
umcor
ag",Sports,0.3848953389117837,targeted
AD_00468,"free gift
free* dime
wireless earbuds
worth
$69.95
skullcandy
subscribe
*while stocks last",Business_Finance,0.61410728467511,targeted
AD_00469,"www.wow
immersive
van
g gh
exhibit dallas
on sale now
dallasvangogh.com",Automotive,0.25845788511799395,targeted
AD_00470,"clearance
sale
wy
39
injo
temu
$6.07
free shipping",Sports,0.1885458189695383,targeted
AD_00471,"exclusive ems
features.
columns, and
opinions
sign up
4-jems
journal of emergency medical services",Health,0.8326817291843877,targeted
AD_00472,"indulge your house with
the treatment she deserves.
tesugue
atlerce
get a quote",General_News,0.5636235660368293,targeted
AD_00473,"smart
reporting
intelligent narratives for finance
get the fact sheet
arria
collably the
back",Business_Finance,0.9995025697856336,targeted
AD_00474,"for quick and easy haircuts,
we always come in first.
check in now
great clips
monoter
jam",Lifestyle,0.2938858166456571,targeted
AD_00475,"6
kotaku australia
podcast
with david and ruby
the biggest gaming news of the week",Entertainment,0.6559771335090518,targeted
AD_00476,"the shepherd king
the life of david by pat robertson
get your audiobook",Entertainment,0.2515487725702835,targeted
AD_00477,"the best of
redmine
most wanted plugins
server, cloud, integrations
with rails 6
try it free
easyredmine.com",Sports,0.23693098869106252,targeted
AD_00478,"tipstrr.
get the best free
football tips
in your inbox every day
sign up free",Sports,0.5670501021950002,targeted
AD_00479,"flyexclusive
robb report
best of
the best
winner
2022
locked hourly rates & no peak day premiums.
join platinum jet club.",Travel,0.3771351510254895,targeted
AD_00480,"2
say goodbye to your
mortgage if you have
no missed payments",General_News,0.430104281619249,targeted
AD_00481,"advertisement
gun violence is preventable
when you ""know the signs"".
sandy hook
promise
learn more",Lifestyle,0.27999448234292296,targeted
AD_00482,"layena
bragging rights come in every bag of
purina® layenaⓡ layer feed
strong hens & eggs for you to show off
start with feeding purina.
try now>
feed greatness",General_News,0.2698773806714108,targeted
AD_00483,"les
dauphins
wine enthusiast
90pts
best buy
from h
otes du rhon
dauphins
buy now",Food_Drink,0.3929172736080565,targeted
AD_00484,"crash
refa
lenovo
n netapp
inno
on
ha
nicati
► youtube
49
ww",Automotive,0.35676822413623016,targeted
AD_00485,"aarp
springfield
springfield illinois
voters
50+
our voices
decide
springfield
mayoral
candidates
must listen
to voters
50-plus.
learn more",Lifestyle,0.7062367986021459,targeted
AD_00486,"pick
of the
litter
find your perfect match >",Sports,0.28237371999039934,targeted
AD_00487,"teacher
the week
of
meet the teacher
of the week
wednesdays during witn news at sunrise
or click here to visit the teacher of the week web site
nc education
lottery
witn
witn.com",Entertainment,0.3553260627807025,targeted
AD_00488,"support hb 1215
to stop hidden
hospital fees
health
care
without
costs
""hidden",General_News,0.4201751677822295,targeted
AD_00489,"simply
self storage
877-786-7343
first full month free
100% contact-free
rental
reserve now",Business_Finance,0.2809575660697057,targeted
AD_00490,"committed to
building a
stronger
workforce.
cultivating homegrown
talent to keep colorado
competitive.
santia
colorado
community college system
learn more",Sports,0.42424049766260663,targeted
AD_00491,"1st grade
3rd grade
5th grade
7th grade
real learning can
be really fun
2nd grade
4th grade
6th grade
8th grade
adapted
mind",Entertainment,0.36810392593672153,targeted
AD_00492,"god is a bullet
based on the novel by
in theaters
boston teran june 23
d
get
tickets",Entertainment,0.27762798404599454,targeted
AD_00493,"gamer supps
new waifu cups
only available via preorder
stack
gg
gappa
gg",Travel,0.22628017641368195,targeted
AD_00494,"royal
hospital
school
navigating
success
top boarding school ages 11-18",Lifestyle,0.5334368303724807,targeted
AD_00495,"jang
black
friday sale
up to 70% off
shop now",Lifestyle,0.6387038089398528,targeted
AD_00496,"crowdstrike aws
how secure
is your cloud?
get a free health check",Health,0.7332535469935647,targeted
AD_00497,"a spotify exclusive
pedestrian
daily
your
fresh
dump of
morning
news
only on
spotify",Entertainment,0.660714952612032,targeted
AD_00498,"the kids won't be young forever.
now is the right
time to get a pool.
vande hey
company, inc
learn more",Entertainment,0.27302012365409145,targeted
AD_00499,"usha
resources
tsx.v: usha
otcqb: ushaf
fse: joo
uniquely positioned
in nevada, the
lithium capital of
the united states
find out more",General_News,0.5754901269680759,targeted
AD_00500,"promo codes available
see codes
capitale shopping
the coupon-finding
browser extension",Business_Finance,0.2124294672499793,targeted
AD_00501,"up to 60% off
14
roselinlin
ind-ekininther dhenevenimeminen e",Business_Finance,0.43623696949123714,targeted
AD_00502,"advantage
home
contracting
the leader in home repairs & projects
current specials
are you considering
adding an addition,
a garage or a sun room
to your home?",General_News,0.21945181349241039,targeted
AD_00503,"arkansas democrat gazette
march
mania
2023 college
basketball
3-in-1 bracket
challenge
win$1 million
march 12
register now
sponsored by
0000
for the perfect bracket oaklawn
done money not odovided by the
admansas democia-gazette
bacincaune
arkansasonline.com/marchmania",Sports,0.6517254925447303,targeted
AD_00504,"take a break from
the usual
plan your visit
uptown",Lifestyle,0.3797365907415431,targeted
AD_00505,"black
idder's
historical record
de
blackadder's historical record 12lp vinyl box set
2
order now",Lifestyle,0.355455322854698,targeted
AD_00506,"★
become a better man
in 30 days
buy now
30 days to a
better man
by mag
manliness",General_News,0.44814398704691605,targeted
AD_00507,"4.50%9cd
*annual percentage yield. member fdic
month
security bank
of kansas city.
learn more",General_News,0.29779535128388546,targeted
AD_00508,"here comes
santa claus
friday, december 3
news 13
coverage you can count on
downtown
christmas magic
downtownflorence",Entertainment,0.49293219041314007,targeted
AD_00509,"al-generated images.
worry-free licensing.
try for free
shutterstock.",Sports,0.4147358027830026,targeted
AD_00510,"+st
onlinen
free to play
kaaile on
steam",Sports,0.584683590760781,targeted
AD_00511,"trufuel
convenience performance protection
empower your
equipment
50:1
engineered
fuel + oil
ready to use
trufuel
trufuel
ope
40:11
4-cycle
engineers
fuel
tf3
trupuel
visit trufuelso.com for availabilty and details.",General_News,0.18715346373966207,targeted
AD_00512,"give me
those
puppy
dog
eyes
og",Lifestyle,0.38195439963253114,targeted
AD_00513,"take a break from
'the usual'
visit uptowncharlotte.com",Lifestyle,0.3250276948556609,targeted
AD_00514,"eddie
eddie
get your exclusive
eddie the blind
squirrel t-shirt
buy today",Entertainment,0.3371299145683124,targeted
AD_00515,"m cotosen
up to 50% off",Lifestyle,0.4924159156440995,targeted
AD_00516,"2'
opta analyst
improve your football knowledge
visit now",Sports,0.4913313217682054,targeted
AD_00517,"dell
technologies
windows
black friday
sneak peek
powerful tech.
perfect timing.
select early offers
latitude 9520
del technologies recommends windows 11 pro for business.
members save
over 45% off
shop now",Lifestyle,0.5789958780076419,targeted
AD_00518,"salteados
pack $7.59
solo por
tiempo limitado
subway
tripleta
s",General_News,0.24718297077267118,targeted
AD_00519,"diablo
up
το
3 stronger
learn more",Lifestyle,0.5614596525983494,targeted
AD_00520,"light in thebox
shop now >
up to 70%off",Lifestyle,0.5419573866910317,targeted
AD_00521,"in the midst
of plenty
the new folk
musical from
enchanted croi theatre",Food_Drink,0.16922805130055282,targeted
AD_00522,"cith th
ee times
january 16 march 31
analog everywhere
solutions for your analog design challenges
visit now",Lifestyle,0.2666659837206094,targeted
AD_00523,"rule the streets
1.99% for up to 60 months on select ktm street models*
*restrictions apply. see website for full promotion details
gra
km",Business_Finance,0.3048550296324347,targeted
AD_00524,"aws
aws silicon innovation day
discover how aws-designed silicon
fuels customer outcomes
wednesday, june 21, 2023 | 9:00am - 4:00pm pdt
register now",Entertainment,0.3614885984412877,targeted
AD_00525,"add local, on-demand
delivery with a few lines of code
developer
learn more
delivering more",General_News,0.29446513460039825,targeted
AD_00526,"sleep deeper.
shop for deeper tempur-pedic® sleep
at ashley.
ashley tempur-pedic
shop now",Lifestyle,0.8642145477637662,targeted
AD_00527,"william
draw
your cards
money
luck
love
know your future
william-angel.com",Lifestyle,0.2962212821168297,targeted
AD_00528,"the
avalanches
live!
september 22
greek theatre",Entertainment,0.5068143093728552,targeted
AD_00529,"sale
can we stay ahead of theft? loss
prevention tactics to navigate the storm
solutions by sector
webinar security lacet
april 19, 2023 @ 2 pm edt",General_News,0.3611301819232678,targeted
AD_00530,"let's play
play responsibly
kentucky
extra
dall
top han
kentucky",Sports,0.6137255326728279,targeted
AD_00531,"reimagine your
accounting workflows
tasks
..
claim free trial
avise",General_News,0.3654309425207453,targeted
AD_00532,"scan here
to apply today
your dream
wedding
awaits
celebrate your love with a
courts ready cash loan
of up to $1.5m
conditions apply. may 1 - june 3, 2023.
www.readyfinancecaribbean.com
courts
ready cash
ready when you are!",Lifestyle,0.23769455798634462,targeted
AD_00533,"elite care
for every body
learn more
beliin health titletown sports medicine
& orthopedics",Health,0.7124763936323721,targeted
AD_00534,"take the search out of
your research at
best reviews
go now",General_News,0.20808844424609232,targeted
AD_00535,"ets
tree care
607 226-8444
free estimates and
consultations",Lifestyle,0.5641865066580151,targeted
AD_00536,"fcw
insider
chat
interviews with the 2023 federal 100 award winners.
listen now",Entertainment,0.377142206311416,targeted
AD_00537,"sports
chicago
ultimate sports
insider
download the all new nbc sports chicago app
download on the
app store
get it on
google play
in-depth
coverage
scores
analysis
highlights
alerts",Sports,0.4688665295514535,targeted
AD_00538,"motorway
need to sell your car?
get your best price from
5,000+ dealers
sell your car >",Automotive,0.8601369146717962,targeted
AD_00539,"kbs tgi™
tour graphite iron
kbs tgi 60
kbs tgi™ 70
kbs tgi 80
the first graphite iron
to play like steel.
now available in taper tip
kbsgolfshafts.com",Sports,0.2893828154496977,targeted
AD_00540,"mil
allt
media sonar
he
4**
get access
osint for security poi
step-by-step processes for
performing osint investigations",Sports,0.19012042457536082,targeted
AD_00541,"he
helm
$50 off
your first
pair",General_News,0.3530772095946967,targeted
AD_00542,"unwanted
telemarketer
uncall
a high tech bidet toilet seat will wipe away
your need for toilet paper
read more",General_News,0.33528173644340925,targeted
AD_00543,"cbtnuggets
on-demand
it training
make it happen",Health,0.22399738042463446,targeted
AD_00544,"by well+ good
sponsored by our partners
how to tweak your
eczema-care routine
based on the season
read more",Lifestyle,0.2687093502907918,targeted
AD_00545,"free webinar
vanta presents:
? vanta
security and compliance: is your business at risk?
thursday 16 march | 2pm aedt
register now",General_News,0.4065620011082464,targeted
AD_00546,"יינווטוויד
firestarter
die hard
fear
loathing
in las vegas
peacock
new hit movies
every week
stream now
""firestarter' streaming may 13",Entertainment,0.3977598142092828,targeted
AD_00547,"the brown
real estate team
see what we're all about
property collective
774b walker rd
great falls, va
www.facebook.com/thebrownssellva.com
@brownteamrealtors
lets meet!
757-234-1590",Business_Finance,0.3368605139245661,targeted
AD_00548,"dying
liver
do not
ignore
these early
warning
signs
(#2 is scary)",Health,0.38626453275425554,targeted
AD_00549,"beware of
new utility scams!
if you're
threatened
with
immediate
disconnection
learn more
off
hawaiian
electric",Lifestyle,0.23451190396455504,targeted
AD_00550,"get more from ipad
combo touch - now for ipad pro and ipad (10th gen)
logitech
shop now",General_News,0.2681898394616342,targeted
AD_00551,"lego
vip weekend
is coming
11/20-11/21
learn more >
vip
vip
vip
vip
..
vip
a",Lifestyle,0.21805823462328608,targeted
AD_00552,"pearl izumi
the time
is now
new road arrivals
for spring ¹23
shop new arrivals",Lifestyle,0.3376148332053026,targeted
AD_00553,"ufhealth
university of florida health
complex
neurological
condition?
when others
can't, we can.
neuroscience institute",Health,0.702422255448507,targeted
AD_00554,"remind somebody to
buckle up. you could
save their life.
do
dmy
learn more",Lifestyle,0.40597891080886106,targeted
AD_00555,"m
monogram
lur affil
introducing the forge,
the first heated ice press
of its kind.
discover more",Entertainment,0.6233872963001837,targeted
AD_00556,"advantage
home current specials
contracting
the leader in home repairs & project
are you
considering
adding an addition,
a garage or
a sun room
to your home?",Business_Finance,0.19332768728301322,targeted
AD_00557,"insights and analysis on
the technology that is
reshaping health care
check out the all-new feature series,
collaborative care: technology's evolving
role in cardiometabolic health
learn more
endocrinology
network
practical
cardiology™",Health,0.5783318667000288,targeted
AD_00558,"bestselling
our most popular products
- updated weekly!
aliexpress
oh
shop now >",Lifestyle,0.4047589824701186,targeted
AD_00559,"old fort niagara
discover history",Entertainment,0.5181775482704359,targeted
AD_00560,"auanew
8p
sexual and urinary function
following cystectomy news
comen
american
urological
association
the latest
news from
the aua.
madaming of compl
to ta
j
j",Entertainment,0.7823053004887159,targeted
AD_00561,"huntington, west virginia
the great outdoors
(re)defined.
h
town
visit h-town >",General_News,0.33834719075241404,targeted
AD_00562,"nako.
tungsten weights
no chip 200% sensitivity
an
10-piece $3.49",Sports,0.21053296885604122,targeted
AD_00563,"affordable health insurance made simple.
easily apply for all subsidies & tax credits
compare every plan available in your area in only 15 minutes
find the plan
powered by lig solutions
enroll today",Business_Finance,0.39115834637942576,targeted
AD_00564,"*
drizzle,
sizzle,
savor.
learn more
pompeian
summer
flavor guide
available at publix",Lifestyle,0.3518988084944476,targeted
AD_00565,"institute of theology
ai.edu/ccee
engage
your catholic faith.
transform
your community.",General_News,0.3501656105793479,targeted
AD_00566,"f
eslad
superlithium may be elon
musk's solution to the
battery revolution.
learn more",Lifestyle,0.5614596525983494,targeted
AD_00567,"lleelou
guidance and tools
for home buyers
learn more",Lifestyle,0.7457705351952116,targeted
AD_00568,"wad
thunder
get your bonus
& dominate the skies!
warthunder.com
play
free now
bonus",Sports,0.5968997503788521,targeted
AD_00569,"free devotional
a quiet time tool for busy moms
from focus on the family
the jung
melalud
download now
focus
family.",Lifestyle,0.3033676189187593,targeted
AD_00570,"larry's market run
2023
world tour
whose
9
text uncle larry (415) 548-9125
north america
live nation
atm
with monroe flow & dvme
june 27
the fillmore
silver spring",Sports,0.21539319929686734,targeted
AD_00571,"sw
middleten
valle
ma
thank you for voting mvb as one of the
tri-states best!
middletown
valley bank.
a community heritage financial, inc. company
member
fdic
1.844.533.9211
www.mvbbank.com",Business_Finance,0.2965548418336245,targeted
AD_00572,"one vise to rule them all
multi-axis bench-mount vise with torq-lok™
master gun viseⓡ
real
avid",General_News,0.24187409642464716,targeted
AD_00573,"seismic
ready to bring speed, simplicity, and
success to your go-to-market teams?
o",Sports,0.43247463899188965,targeted
AD_00574,"usta
mid-atlantic
10€
years
celebrating 100 years of tennis
with you!
join in",Entertainment,0.21915810618040782,targeted
AD_00575,"guitar
$100 off
center epiphone es-335
shop now",Lifestyle,0.4061030572484157,targeted
AD_00576,"+digital trends
best fitness trackers
read more",Health,0.9179093358273601,targeted
AD_00577,"corrosionpedia
strengthen & deepen your corrosion
knowledge with any one of our free webinars
watch today >>",Sports,0.35265053152957065,targeted
AD_00578,"bush's new! our secret family recipe, now bush's
zero
sugar added
with zero added sugar
baked beans
shop now",Health,0.31432621617257733,targeted
AD_00579,"source provides
25 lbs of n & 25 lbs of p
n
p
p
n
source",Entertainment,0.35192540586111126,targeted
AD_00580,"ficc
fayetteville technical
community college
training at its best!
swift water rescue training is critically important
for first responders, but difficult and dangerous to
arrange in natural outdoor settings.
learn more",Lifestyle,0.24694610908135667,targeted
AD_00581,"smith & wesson
midway
shop now",Entertainment,0.3694118267384458,targeted
AD_00582,"c
royal society
of chemistry
rsc prizes 2022:
nominations are now open!",Lifestyle,0.3332720186292105,targeted
AD_00583,"don't worry
shots
justfashion now
up to
90% off
shop now",Lifestyle,0.6715408285289941,targeted
AD_00584,"internet starting at
all
in!
$4
/mo.
2-year price lock
astound
broadband
powered by mcn
*see website for details.",General_News,0.2893492350561991,targeted
AD_00585,"innovative materials
healthier living
brentwood home
shop now
climate
neutral
certified",Lifestyle,0.7043227564556612,targeted
AD_00586,"in my
shadow
download on the
app store",General_News,0.5343307110594818,targeted
AD_00587,"priority
urgent care
out of time?",Lifestyle,0.5176791604231089,targeted
AD_00588,"boofy's
best for pets
when only the best will do!
b
boogie down
to boofy's
for some
groovy
deals!
paseo
&
golf course
cutler @ 1-40
&
san mateo
click for info",Sports,0.4474162505528323,targeted
AD_00589,"feel better sooner.
learn more
bayhealth@home bayhealth",Lifestyle,0.5549694738345259,targeted
AD_00590,"j.me
www
up to
50% off
shop now",Lifestyle,0.9358430919901339,targeted
AD_00591,"ac infinity
smarter controls
smarter grows
93
chaty
90⁰",General_News,0.2387545900454619,targeted
AD_00592,"2023
developer
survey
calling all who code
↑",General_News,0.20166762846717148,targeted
AD_00593,"aicpa & cima
your learning
experience just
got better.",Food_Drink,0.36835494469454333,targeted
AD_00594,"ден
hinge
health
learn how employers are thinking bigger
about personalized msk care
join the movement",Health,0.5649609018375558,targeted
AD_00595,"lake d'arbonne
k&m sportsman's
one-stop shop!
coffee, c÷rks, & camo
farmerville, la
1012 s main st",Lifestyle,0.33649643015912645,targeted
AD_00596,"tony award®
nominee
best play
steppenwolf's production of
the minutes n
by tracy letts directed by
anna d. shapiro
a play by
buy tickets
critic's
pick",Sports,0.3702742765058276,targeted
AD_00597,"u.s.army
no challenge,
no change.
be all you can be.
goarmy.com →",Entertainment,0.32820805856386975,targeted
AD_00598,"mental health and
addiction recovery services
&
the serenity center
330-965-9999
austintown, north lima, warren
we listen...",General_News,0.393997639825766,targeted
AD_00599,"wood burning
stoves
stay warm
this winter
high quality wood
burning stoves at
an affordable price
free
shipping
shop now rockfordchimneysupply.com",Lifestyle,0.4586053418458511,targeted
AD_00600,"66
victorville chevrolet
find new roads
chevrolet
2022 model year clearance
silverado superstore
el
b",General_News,0.23476444124218268,targeted
AD_00601,"state farm
don gura
633 n. main st.
kendallville, in 46755
bus: 260-347-3276
dongura.net",General_News,0.2464783736541015,targeted
AD_00602,"sale ends march 31st!
one-month-only
window & patio door
flash sale
renewal
by andersen.
window replacement in andersen company
the better way to a better window",Business_Finance,0.29392046176961983,targeted
AD_00603,"kalashnikov
usa
firearms
for everyone
free shipping
code: freedom
shop firearms",Lifestyle,0.6909358397533838,targeted
AD_00604,"grab top titles for
free!
(up to $100)
just pay
shipping & handling
3.bok moxazarobaronala
people allrecipes
the
making
queen
bellertlomies
better homesank
e doit
yourself
harry's d'a
house
take it
outside!
www
shop now →
under
de
20
gold your
outdoor
oasis
pxltimo
prost",Lifestyle,0.6718517181020343,targeted
AD_00605,"wi
ev
learn more
albany med health system",Health,0.9542822195707056,targeted
AD_00606,black families matter,General_News,0.37740009232665556,targeted
AD_00607,"123rf
millions of stunning visuals
at low price + free one-click editing tools
start now",General_News,0.2969432819444272,targeted
AD_00608,"more
house
school
knightsbridge
a greenhouse... not a hothouse
click here to book an open morning",General_News,0.6843459458333178,targeted
AD_00609,"say hello
to honey
beerx
and goodbye
to fine lines
shop now",Lifestyle,0.4028479951556975,targeted
AD_00610,"today's
refinance
rate
15-year fixed term
2.01%
no ssn required
30-year fixed term
2.42%*
calculate
payment
mortgage.net
*terms & conditions apply.
nmls #1912050 (nmisconsumeraccess.org)
1834",Lifestyle,0.3354129689730651,targeted
AD_00611,"wrike
do the best work
of your life.
try wrike",Health,0.4073077342278671,targeted
AD_00612,"how
allta
de
target identified:
kirsty, warehouse operative",General_News,0.296760758499318,targeted
AD_00613,"an easy way to make
family time a priority from
advent through epiphany
me
agach
121
and
hp 25
expl
the ide
learn more
families celebrate
2013023
art&cristas",Lifestyle,0.7787048252487629,targeted
AD_00614,"purposeful living
independent living assisted living inspiritás - memory care
8
ashleigh
at lansdowne™
call (703) 345-6912 for a tour.",Lifestyle,0.534463274196384,targeted
AD_00615,"food 4 less
shop today!
2230 biddle rd, medford | open 24/7
natural foods
organic selections
supplements",Food_Drink,0.48113172722605885,targeted
AD_00616,"+
digital
trends
everything
that works
with apple
homekit
learn more",Lifestyle,0.5774167073677355,targeted
AD_00617,"god
مادا
jets
nfts
g
at #19
spect she
gew
spect
spect
select",Sports,0.28202723137250707,targeted
AD_00618,"the new 2023 sprinter
all-wheel-drive
learn more",Entertainment,0.40618720775325445,targeted
AD_00619,"streetfighter v45
learn more
push forward
ducati",Lifestyle,0.3115340595558383,targeted
AD_00620,"don't miss out!
save up to 80% on
amazing baby products!
view offers
new offers
added weekly so
don't miss out!",Lifestyle,0.39838370610428103,targeted
AD_00621,"work with kids
earn your degree
for free!
learn more",Lifestyle,0.27782258686082173,targeted
AD_00622,"discount
motors
we'll match
your tax refund
up to $500
two locations
click here
find your next vehicle!
gp",Business_Finance,0.36321396747328033,targeted
AD_00623,"disney
mirrorverse
play now
odisney. cdisney/pixar.",Sports,0.2629788166161846,targeted
AD_00624,"ebay projects in the works?
motors
get every part and accessory your ride needs.
take a look →",Lifestyle,0.45426313003304997,targeted
AD_00625,"hinds county
sheriff
runoff debate
part 1 - 6:30pm on wjtv
part 2 - 7:00pm on wjtv.com
thursday | november 18
moderated by byron brown
marshand crisler & tyree jones
d2
news",Entertainment,0.31825215415255953,targeted
AD_00626,"canva extend
/* the _first_
canva
developers
event */
register now",General_News,0.26186451090633905,targeted
AD_00627,"carpet tile* vinyl
hardwood
residential & commercial
heatica
is
turning
a house into
a home -
one room
at a time
hastings family owned
floor covering
since 1976
919 salem st. groveland, ma 978-521-8848
www.hastingsfloor.com",Lifestyle,0.33111773574223957,targeted
AD_00628,"fanatical
great pc games.
fantastic value.
shop now
trustpilot
*****
all trademarks are the property of their respective owners.",Lifestyle,0.4170131399811049,targeted
AD_00629,"get a healthier
outlook on
listen to
caring for kids
childhood on wjr 760 am to children's
you by foundation
listen now
caring
kids",General_News,0.37492773883827074,targeted
AD_00630,"next
region
the lima news
mahiom
n
st. h
st. h
technical
llc
nominate best roofing
company
us today!",Entertainment,0.3291002921806289,targeted
AD_00631,"cas 44 175
ethanol
learn more
uc san diego",General_News,0.2521595438097114,targeted
AD_00632,"smaller is stronger!
new generation 35-350w ac/dc smps - lm-r2 series
✓ compact size ✓ cost-effective
high quality
us ce cb
www
mornsunⓡ",General_News,0.18445886004805623,targeted
AD_00633,"roofers tested 17 gutter guards
(here's what they discovered)
learn more",Entertainment,0.6956920099180456,targeted
AD_00634,"g
ura
lightinthebox.com",Entertainment,0.2960849067059725,targeted
AD_00635,"swann
auction galleries
19th & 20th century art:
featuring dada & surrealism
at auction march 23
bid now
salvador dalí, 1973. $7,000 to $10,000.",Entertainment,0.19376407368749465,targeted
AD_00636,"don't text
and
soos pe
counca
nhtsa",General_News,0.17566384043249206,targeted
AD_00637,"more ways to
play prairie
band
casino & resort.",Sports,0.2782225652444351,targeted
AD_00638,"ashley
update the look
of your updated space
shop now →",Lifestyle,0.40166961239771376,targeted
AD_00639,"мимилли
приготу
the show
june 9-11, 2023
the hilton orange county costa mesa, ca",General_News,0.29773210403195943,targeted
AD_00640,"ashley
baby & kids
nesting in
progress
shop baby →
e",Lifestyle,0.4600926126167196,targeted
AD_00641,"cantwell
mattress co.
voted #1 mattress store
in san antonio",General_News,0.370405612436148,targeted
AD_00642,"get a return rate that's great for your business!
campaign period: 5 january 2023 until 30 june 2023
terms and conditions apply.
a pidm member
protected by pidm up to rm250,000 for each depositor.
byw
sca
2.20
cd ambank
click here
for more info
ambank islamic",General_News,0.39067980306539174,targeted
AD_00643,"proud to support
the community
► fair housing reporting
and analysis
► housing market
data and insights
triangle mls™
multiple listing services",General_News,0.3269106465532256,targeted
AD_00644,"ace hotel & swim club
with more oomph",Travel,0.34836758992666456,targeted
AD_00645,"more answers
to your covid-19
vaccine questions
hartford
healthcare",Lifestyle,0.4464644324497864,targeted
AD_00646,"highly viewable, lightweight
video tailored to your site
learn more",Travel,0.3635504312031282,targeted
AD_00647,"predator
triton series
dominating hardware
learn more
intel® core™
processors
intel.
intel
intel.
core core core
15
17",Lifestyle,0.36554029287358875,targeted
AD_00648,antennaweb.org connecting you to free tv,Entertainment,0.860117582748371,targeted
AD_00649,"wil
light of life
rescue mission
where hope and healing meet
thanksgiving
meals
for families
in need
cares
64 lumber clearview dlc
gateway
health",Health,0.8072631920340619,targeted
AD_00650,"b
big brothers
big sisters.
of america
empower a kid in your community today.
learn how
car",Automotive,0.2999270050453668,targeted
AD_00651,"the spirit of cocktails & culture
like us on
facebook",General_News,0.3378621431413082,targeted
AD_00652,"register by:
june 17
vote early:
june 17-25
election day:
june 27
nyc, rank your
vote this june!
find out
wat
nyc.gov/democracynyc city nyc
foxcon
comm
myc
von
rank up to
5 candidates",Entertainment,0.38693454746155476,targeted
AD_00653,"5g plus
one family. one home.
then why multiple mobile recharges?
get 2 sims at *599
airtel
family
plan",Lifestyle,0.3356406699830852,targeted
AD_00654,"drive
$3 use s3 as a
local drive
• works with any s3-compatible
service
free starter edition",General_News,0.3553233546359566,targeted
AD_00655,"stay
up late.
your future will thank you.
your >>> saturdays on
>>>move nbc after snl
with andy stanley",Entertainment,0.5864268335910443,targeted
AD_00656,"support a
local church
give thanks
for mom
ovens
007
10
i'm honoring
by supporting
my church
umc
a
#i give
umc
learn
more",General_News,0.3312560178316153,targeted
AD_00657,"introducing
dymension
series
the evolution of
extraordinary speakers
learn more
d.
definitive technology
www.",Sports,0.3705586924518741,targeted
AD_00658,"dogs
on sale now",Automotive,0.1981288874050613,targeted
AD_00659,"you have only
2 moves
deve
try
seot
hero
wars
1q:155",General_News,0.3583428261280507,targeted
AD_00660,"grocery
worker's
appreciation
fund
kj
kendall jackson
united
way",Lifestyle,0.43876323745603735,targeted
AD_00661,"a new era of sleep
ashley all-new tempur-pedic® mattresses.
shop now
tempur-pedic",Lifestyle,0.615131210835079,targeted
AD_00662,"ride safe, it's fun!
scout's
honor.
polaris-bsa atv
safety programs
are hands-on experiences
practicing sale riding. situations
include hill riding, emergency
stopping and swerwing, quick
turns, and riding over obstacles.
polaris
in proid partnership with
boy scouts of america
learn more",Automotive,0.2081360377456899,targeted
AD_00663,"look for challenges.
see opportunities.
experience the heitman difference.
kheitman",Lifestyle,0.28144824991371487,targeted
AD_00664,"territorial
savings bank
serving wall for 100 year
ready to purchase a
home or refinance?
apply online now
best
best shall be
in
id
moic",Lifestyle,0.28250428450776743,targeted
AD_00665,"cozislides.
worlds
comfiest
home shoe.
get 60% off",Business_Finance,0.45412070322516607,targeted
AD_00666,"speed, simplify, extend
with nudura insulated concrete forms
nudura
learn more ▸",Lifestyle,0.5614596525983494,targeted
AD_00667,"american frends
magen
david
adom a
saving lives. it's in our blood.
tit
אדום
make an impact on
the lives of israelis.
support magen david adom.
israel's paramedic and
red cross service.
donate now",General_News,0.5073006680882892,targeted
AD_00668,"the last wallet
you'll ever need
*****
bang good
el grig",General_News,0.18858375558722798,targeted
AD_00669,"the 2023
jeep wrangler
forging a new path to the future, the jeep wrangler
4x4 pushes legendary capability to new frontiers.
click to
find yours
today!
zimmerman's
1435 market st. sunbury - 570-286-2100",Automotive,0.7845412290540366,targeted
AD_00670,"inspire and fuel their curiosity with
nat geo kids
subscribe
krs
lynx
bas
kids
co future",General_News,0.44368835044856086,targeted
AD_00671,"datacamp
a modern learning
experience for
data science and
analytics
sale
rsql>-e
learn more",Entertainment,0.6571500491468386,targeted
AD_00672,"watch now
full movies & series online!
• quick 1-minute signup
• unlimited access to films & series
steam your favorite hd movies and series.
this and much more on streaming online.",Entertainment,0.710676347755324,targeted
AD_00673,"75
soft clouds
black
friday
zolucky
up to
50% off
shop now",Lifestyle,0.8544782073226087,targeted
AD_00674,"summer
courses
join us this summer for a unique
opportunity to immerse yourself
in the thought of john paul ii!
july 17-21: theology of the body
july 24-28: faith & american culture
pontifical john paul ii institute
for studies on marriage & family",Entertainment,0.3843563254064103,targeted
AD_00675,"patents
pending
new magnetic
boiler filter xl
webstone
a brand of nibcoⓡ",Automotive,0.6806904303616047,targeted
AD_00676,"invitation
lexus
sales event
rz luxury
nx 450h+
limited availability
ends april 3
lexus
learn more",Entertainment,0.2809448569856131,targeted
AD_00677,"ariel rider
fathers
day sale
your summer
escape
save up
to $300
shop now",Lifestyle,0.40319003614805127,targeted
AD_00678,"s newsletter
the
get the star headline stories
in your email inbox
every morning
free subscription →",General_News,0.3788559381745284,targeted
AD_00679,"insticator
turn comments into
community
while increasing engagement
request a demo
hill",General_News,0.25675072567042895,targeted
AD_00680,"35th annivers
clinton county
speedway
millhall-pr
www.clintoncountyspeedway.com
where action is the attraction
on friday nights!
just $12/ kids free (12 & under with a paid adult)",General_News,0.3227496433197226,targeted
AD_00681,"bryant
brridge
auction
company
let us sell your guns!
click here",General_News,0.285830036933337,targeted
AD_00682,"movement
skrillex. underworld
basement jaxx (dj set)
.
.
three 6 mafia - caribou
moodymann - kash doll
bonobo (dj set). dj minx
cybotron tsha + many more!
may 27-29 hart plaza detroit
get tickets at movementfestival.com",Entertainment,0.5200468510017973,targeted
AD_00683,"sotheby's
american
art
new york
22 november
learn more
ⓒ2021 milton avery trust/artists rights society (ars), newyork
sotheby's, inc. license no.1216058. sotheby's, inc. 2021",Automotive,0.4565036424014764,targeted
AD_00684,"atheadengine
powering the publisher
$",General_News,0.2387545900454619,targeted
AD_00685,"big
yachts
let us get you on the water!",Sports,0.2292722499413829,targeted
AD_00686,"digital trends
best fitness
trackers
read more",Health,0.9179093358273601,targeted
AD_00687,"of
coupons
available
applied automatically
at checkout
continue →
sal slickdeals",General_News,0.20119642015050168,targeted
AD_00688,"change
the
game
enhance it support
automate daily tasks
resolve issues faster
learn how
alloy
q search all modules
my work
service desk
incidents
service request
problems
change requests
change calendar
work orders
approval requests
knowledge base
announcements",General_News,0.266353025511936,targeted
AD_00689,"today's poll:
should illegal immigrants
receive social security?
a) yes
b) no
c) unsure
vote now right wing",General_News,0.4915800558780378,targeted
AD_00690,"roud
moose
utility division
utv wheel nets
transport safer",Entertainment,0.28159036770222906,targeted
AD_00691,"jpg
free image
to text
fof
|2|→*
txt
free pdf
to text
e
jpg
free jpg
to pdf
txt
fof
pdfsimpli
ocr
free
ocr",Sports,0.3022939116885287,targeted
AD_00692,"starring
kym whitley
and
tisha campbell
with special guest star
yvette nicole brown
a bounce original series
act your age
all-new episode
saturday 8/7c
bounce
find where to watch at bouncetv.com",Sports,0.4167888636351052,targeted
AD_00693,"make your house
your home
shop home →
ebay",Lifestyle,0.8716083374604822,targeted
AD_00694,"aarp
americans
are talking.
congress
must listen.
end high rx prices now.
the people's hearing-5/18.
watch here",Entertainment,0.19605419856608372,targeted
AD_00695,"lg oled evo
brillanz neu definiert
mehr erfahren",General_News,0.4492408229939263,targeted
AD_00696,"where small leads
become big stories.
the by-line project.
learn more
okp.",Entertainment,0.17595422675775305,targeted
AD_00697,"plan your
mountains
wedding
2023 dates available
seven springs
merrtain ******
liberty mountain resort
hunter",Lifestyle,0.28945197720595695,targeted
AD_00698,"don't get burned by paying too much.
we've saved members thousands on their insurance premiums.
city credit union
www.citycu.org
get started",General_News,0.4002376452669689,targeted
AD_00699,"created for
eternity
super titanium
citizen
mehr erfahren
citizen
better starts now",General_News,0.2353094748106444,targeted
AD_00700,"indie shorts awards
cannes
click to submit on
filmfreeway
top 15
most popular
film festival",Entertainment,0.8817882957323702,targeted
AD_00701,"the
lordrings
nlp middle-earth ent. le to new line 2
shop now
boxlunch",Lifestyle,0.4394522296093798,targeted
AD_00702,"premium
p urgent care
uc
schedule your
visit online
premiumuc.com",Lifestyle,0.5990841759111014,targeted
AD_00703,"see how our clients are getting over
500% return on their ad spend
discover →
genius monkey",Lifestyle,0.21008264120707146,targeted
AD_00704,"open a high yield
savings account member fdic
terms apply
am
ex
learn more >",Lifestyle,0.2161907677305866,targeted
AD_00705,"the
spring at soraya
buy tickets! csun",General_News,0.18865795936622745,targeted
AD_00706,"diskon
buat naik goride
kode
homo gorideaja
30rb
s
ina",General_News,0.2387545900454619,targeted
AD_00707,"the new
fenwick inn
ocean city, md
ocean city is
calling
view rates",Travel,0.7294403241444907,targeted
AD_00708,"karcher bring back the wow
with full steam ahead.",Sports,0.16154568944471978,targeted
AD_00709,"s1jobs.com
awards
quarriers
celebrating
scotland's
recruitment sector
now
open for
entries",Entertainment,0.8020874581330766,targeted
AD_00710,"x vivaia
designed for
all day walking
shop now >
1 wide toe box 2 breathable 3 arch support",Lifestyle,0.5390850248015022,targeted
AD_00711,"h
she
100%
bios
college of education d
belin-blank center
iowa
m-5
lowa's home for gifted and
twice-exceptional k-12
students
00983
100889/
id
88800
step inside →
oto
dooooo
b",General_News,0.2056772934357391,targeted
AD_00712,"i got it at
costco
sign up
costco
ewholesale",Lifestyle,0.3077314223836138,targeted
AD_00713,come soar with us,Lifestyle,0.2326741773847545,targeted
AD_00714,"weekly
horoscope
weekly horoscope for all zodiac signs, ares leo, la
aquarius and taurus
www.whattanews.com",Entertainment,0.19405563802455794,targeted
AD_00715,"upes
upes dehradun,
now empanelled
with cuet
up to 30% merit scholarship* on
undergraduate programs based on
cuet score
last date to apply: june 30
*t&c apply. for more details visit upes.ac.in",Entertainment,0.3478910131686731,targeted
AD_00716,"lego
100% art
+100% re-usable
arts & crafts
with a bit extra
learn more
ⓒ2023 the lego group.",Entertainment,0.22678226661818565,targeted
AD_00717,"5 staples to get more leads
1
2
3
4 programmatic advertisements
5 an automated crm system
a fully optimized website
google ads & local service ads
social media ads
let us do
the work!
501-625-9845
www.customerswhostick.com
flypaper",General_News,0.28238343913857666,targeted
AD_00718,"find
rare
parts
the only ebay store where you will find rare and hard to
find automotive parts & accessories for your vehicle",Automotive,0.31386064473131886,targeted
AD_00719,"lego
vip weekend is
coming 11/20-11/21
learn more >
vip
vip
*
vip",Lifestyle,0.21805823462328608,targeted
AD_00720,dine & stay!,Health,0.24651768716971906,targeted
AD_00721,"lottery
westvima
power..
nascar
victory powerl
lap collect 'n win
playoff
nascar with expressed pe
click for details
please play responsibly.",Sports,0.887305339348321,targeted
AD_00722,"free coupon
see codes
capital one shopping
the coupon-finding
rouser extension",Business_Finance,0.27200439913978386,targeted
AD_00723,"cvent
great events have no boundaries when
in-person and virtual become one
request a demo
n
11
crent",General_News,0.30686836116050803,targeted
AD_00724,"amd® epyc™ 9004 series systems
boost performance and get support for pcie®
gen5 & 12 ddr5 channels with thinkmate
customize yours!",Sports,0.3440355650088884,targeted
AD_00725,"just
$5 to
register
sign up today!
now virtual!
get your teams of 2 & 4
maceless
wowwww.
bild
tc trimdown
reord eagle
ky
for a healthier community",Sports,0.35592195526501685,targeted
AD_00726,"watch
the umc video updates
recap in the blink of an eye! now",Travel,0.6024963906035485,targeted
AD_00727,"suzuki
step up
p your game
your gear
ra
extr",Sports,0.6530763996548242,targeted
AD_00728,"white
labs
pure yeast & fermentation
white
lars
purepitch
next generation",General_News,0.3875591689357445,targeted
AD_00729,"walser auto campus
wichita
we'll buy your car.
it's that simple.
learn more",Automotive,0.6455307956305731,targeted
AD_00730,"newport village
apartments
schedule a
self-guided tour",Entertainment,0.2520542777577308,targeted
AD_00731,"koni
shock value sale 20
%
off
kont
sport",Automotive,0.23806997943268934,targeted
AD_00732,"the law offices of
chip
forstall
-personal injury-
cf
the
forstalls
take care of it all
| jonathan & chip forstall
call - 504.483.3400
new orleans
chipforstall.com
contact
our firm",General_News,0.32079596058063664,targeted
AD_00733,"teen
t
esrb
play free
splitgate",Sports,0.4642028480135808,targeted
AD_00734,"millwood
now
accepting
new members
417.889.4200
millwoodgolf.com",Entertainment,0.28214495438411863,targeted
AD_00735,"old
crusader
fly mask
fly.
bye
learn more
cashel",Lifestyle,0.5962773306831867,targeted
AD_00736,"supermicr
accelerate
everything
with 4th gen intel® xeon®
scalable processors
learn more
10x
intel.
xeon
platinum",Lifestyle,0.35733404975670113,targeted
AD_00737,"young
alfred
home insurance from $35/mo
get quotes",Entertainment,0.4632226584070068,targeted
AD_00738,"scott
scott
swimming pools
www.scottpools.com",Entertainment,0.544149934678548,targeted
AD_00739,"55
spectrum",Lifestyle,0.24557744688851857,targeted
AD_00740,"anderson family heath-anderson
funeral homes & cremation services inc
funtral home & cremation services
our family caring for yours
cambria, huntingdon and blair
counties exclusive veterans funeral
care provider!
veterans
funeral care™
andersonfamilyfuneral.com",Lifestyle,0.4300962759359696,targeted
AD_00741,"mintag
dienstag
iwan
bade
ba
the sp
mittwoch
thamanimelis
mi
trainingsplan
je nach ziel
g
tige
fals
donnerstag
wp-
beddige
freitag
b
ta
man
ottermode
ken
kon
e
201
e
lof
sa
trainingsplan je nach ziel
athlet
trainingsplan je nach ziel
held
trainingsplan je nach ziel
sportler
e",General_News,0.5356740857333971,targeted
AD_00742,"(((siriusxm)))
listen
free
event
-now thru dec 6
bioa
listen now
beatles
justin bieber
pandora
now
kelsea ballerini
on
shighway",Entertainment,0.2746955836676819,targeted
AD_00743,"sal slickdeals
score big
savings
get coupons
at your
favorite stores
get the extension
best
buy
o
★macy's
walmart
adidas",Lifestyle,0.3478263022351963,targeted
AD_00744,"make the forest
part of your
story.
discover the
forest.org
ad us
council",Entertainment,0.34752628595636187,targeted
AD_00745,"casa
funded by
ordinary
people
can do
extraordinary
things for
children.
olunteer
americorps nh
volunteers
needed",Lifestyle,0.400151115126229,targeted
AD_00746,"creative
sharp edges
simple
envatoelements
the best powerpoint templates
pitch decks
business
slidewerk
start now
brainstorm
education
medical
multi-
purpose",Health,0.7942782681258616,targeted
AD_00747,"jackpot
aggregator
softswiss
get
proposal",General_News,0.2387545900454619,targeted
AD_00748,"june 28 2023 july 4
soldest rodeo tickets on sale",Automotive,0.3670581487478075,targeted
AD_00749,"coupons available
save now
copert",General_News,0.24745316242468063,targeted
AD_00750,"seismic
ready to
bring speed,
simplicity,
and success
to your go-
to-market
teams?
an
a",Sports,0.43247463899188965,targeted
AD_00751,"make your family car
smart&connected! subscribe now >
rash driving alerts
●live location
driving report",Automotive,0.47729970098666114,targeted
AD_00752,"john hancock
investment management
governance
is about
perspective.
read our q&a
ii manulife investment management",Sports,0.30079948750135355,targeted
AD_00753,"muench workshops
2017
our focus is you.
muenchworkshops.com",Entertainment,0.2600857586256081,targeted
AD_00754,"capital one
shopping
coupon codes found!
capital one shopping is a free browser
extension that applies coupon codes in seconds.
apply free codes",General_News,0.2290402739469538,targeted
AD_00755,"june
$50%
off
▸ shop now
a",Lifestyle,0.760633405598557,targeted
AD_00756,"sal slickdeals
coupons for
3,000+ stores
get the extension
o target.
walmart
best
buy
costco
wholesale",Lifestyle,0.5909178307553422,targeted
AD_00757,"capital one shopping
the coupon-finding
browser extension
promo codes available
see free codes",Business_Finance,0.23021260271405225,targeted
AD_00758,"heritage
juilar inc.
the finest
american-made
guitars
learn more",Lifestyle,0.46549557666271724,targeted
AD_00759,"custom window treatments
designed to fit your space
a
buy 1
get 1
50%
off*
book now
3dayblinds",General_News,0.528194520339926,targeted
AD_00760,"pharmd with real-world
experience.
baterie
en
stre
learn more
high point university",Lifestyle,0.2572226650100789,targeted
AD_00761,"ksat
abc2
expect more.
from living in silence to
living out loud!
with
talli",Lifestyle,0.4473872833715074,targeted
AD_00762,"gardening
get more of what you love in your inbox
discover our newsletters.
never miss a video, article, or tip.
see newsletters",Travel,0.3038909550273656,targeted
AD_00763,"academy of art
university
2023
spring
show
rsvp now!",Lifestyle,0.2286782469971993,targeted
AD_00764,"fores
your talent. our tape.
scotch 75
electrical tape years
buy
now",General_News,0.2733908159462451,targeted
AD_00765,"place an obituary
get started
legacy.com",Lifestyle,0.22979795773077827,targeted
AD_00766,"give hope and healing to the world
partner with missionaries around the world
the advance
balties the united
give now",Lifestyle,0.34249503482705773,targeted
AD_00767,"are you smarter than a slatester? take the slate
test your knowledge of the week's biggest news.
news quiz let's get started",Entertainment,0.5166820346169861,targeted
AD_00768,"want to brew
a lager?
choose between
our 3 most suitable yeasts
w36/70
5-189
saflager™
s-23
saflager™
w-34/70
saflager™
s-189
fermentis
by lesaffre",General_News,0.3639996862004227,targeted
AD_00769,"meta quest 2
x resident
evil 4
watch as avan jogia takes on re4 for the first time
watch here
presented by
meta quest",Sports,0.3657438547756602,targeted
AD_00770,"kinzua
country
104.3
get the
app
arzua
country
104.3
humes
jeep
humesforcars.com",Entertainment,0.55596006838805,targeted
AD_00771,"pittsburgh
wine&spirits
festival
may 20, 2023
6-10pm
rivers casino
event center
pittsburgh
@pavinespirits",Entertainment,0.21819588429321307,targeted
AD_00772,"shutterstock
get
10
free
images
start your
free trial today
get started",Sports,0.3381406142033447,targeted
AD_00773,"the strongest play is
asking for help
score points for mental wellness here
raiders
intermountain
healthcare",Health,0.9195753628325879,targeted
AD_00774,"got
i coupons? i
get promo codes
automatically applied
at checkout
get free
codes
capital one shopping
the coupon-finding
browser extension",Business_Finance,0.21448144270890626,targeted
AD_00775,"lucid
collaboration is
better when it's visual
explore now",Food_Drink,0.16078812001046786,targeted
AD_00776,"postgresql xdbvisualizer
try the postgresql editor
with the world's highest
user satisfaction.*
* according to g2.com
>
download for free",General_News,0.26878080061818577,targeted
AD_00777,"wink at 3
the place to be
at three",Sports,0.23582194375096838,targeted
AD_00778,"heavy on prizes.
win up to $500,000!
$20
precious metals
titanium
win up-to
$500.000!
get game details 100 kentucky
play responsibly
lottery",Sports,0.6971241499288376,targeted
AD_00779,"cerave
acne
foaming
cream
cleanser
allure
jener
cerave
resurfacing
retinol serum
cerave
developed with dermafelt
treat acne +
restore skin
learn more >",Health,0.25161114564711146,targeted
AD_00780,"your news. your way.
get the daily collegian and hundreds more.",Entertainment,0.5813706903320212,targeted
AD_00781,"register now
free at-home
covid-19 tests
8 free at-home tests
free shipping
fast & reliable
tampa bay diagnostic institute is certified under clia (clia# 10d2238542)",Sports,0.2430771235368689,targeted
AD_00782,"jr
est.107
50+ years
making
father's
day
gift guide 2023
shop now",Lifestyle,0.704679802351919,targeted
AD_00783,"aim
aviation institute of maintenance
aviation maintenance
training",Travel,0.46538413048570143,targeted
AD_00784,"latest coverage from gpb,
now on apple news.
s
find it on
apple news",Entertainment,0.46456919138959424,targeted
AD_00785,"better
than ever
play for free
pubg
mobile",Sports,0.5231373595198657,targeted
AD_00786,"kenwood
essential
communications
reliable
secure
affordable
bisprich
kenwood
two-way radios
learn more ►",Lifestyle,0.6824055478159702,targeted
AD_00787,"eyewitness
weekdays
news 9 4:30-7am",Entertainment,0.7153097342671246,targeted
AD_00788,"![:
3
be it where you're going or on the road,
viamichelin has all the hotels
at the best prices.
michelin viamichelin
see more",Travel,0.6533790954163169,targeted
AD_00789,"origin
spaling berries
00
craft your cocktails & mocktails
with
origin
sparkling spring water
available for
your menu now
*drink responsibly. please be aware of your surroundings.
2023 bluetriton brands, inc.",Food_Drink,0.24476430418381498,targeted
AD_00790,"onewheel
the new
onewheel
pint x
higher performance,
longer range, same
fun size.
shop now",Automotive,0.283542861733668,targeted
AD_00791,"music lane
south congress
eat shop play
live work stay
visit
now",Entertainment,0.4815239413790756,targeted
AD_00792,"cso
50
awards
nominations for the
2023 cso50 awards
are open!
deadline: 04.24.23",Entertainment,0.7646386507649444,targeted
AD_00793,"free
resume
templates
free
resume
samples
free
resume
formatting
my perfect resume",Sports,0.2595713866673298,targeted
AD_00794,"for when a little water damage
feels like a monsoon.
alfa insurance alea
based
find an agent",Health,0.26536198185420956,targeted
AD_00795,"chicago board of
watch
chicago
tonight
online | app | facebook | podcast",General_News,0.5219970755360002,targeted
AD_00796,"goodbye grinding
and hauling
airburners
go green",Sports,0.2423928857775101,targeted
AD_00797,"this is
uncomfortable.
stories about life and
how money messes with it
new episodes
listen now",Entertainment,0.2864902218588225,targeted
AD_00798,"amazon.com
gift cards
happy
birthday
privacy
a
amazonkindle
congratulations!
a
millions of items. no expiration.
►shop now
amazon.com",Lifestyle,0.3337834597040701,targeted
AD_00799,"do
lightinthebox.com",Entertainment,0.2960849067059725,targeted
AD_00800,"14,000+
reviews
organi
magnesium 7
complete full-spectrum daily magnesium supplement
buy now
organb
magnesium
spectrum 7 alasne sa
dietary suppl
veggie caps
supplements you trust
organixx
results you love",Lifestyle,0.26743247741122117,targeted
AD_00801,"weath
13
13
ball.e
weath
13
ball.e
weatherball
merch!
shirts, donuts, and beer!
click here",Entertainment,0.24136581353005274,targeted
AD_00802,"don't just take
our word for it.
follow us
the wrap
w
thewrap ⓒ
©thewis
follow",General_News,0.45694010074591035,targeted
AD_00803,""" easter
get an
devotional
by billy graham
get your
free resource
billy
graham
evangelistic association
always good news.
02022 bgea",Entertainment,0.3992966470241661,targeted
AD_00804,"big ideas that benefit our world
explore more
tcu",Lifestyle,0.25266007686288167,targeted
AD_00805,"kimic
market
wholesome,
natural
korean
online-
grocery>>>
h
makkees
모두랑달콤쑥
bat tradis",Business_Finance,0.3695269799807454,targeted
AD_00806,"home i
click t
enter!
ovement
$5.000 sweepstakes
giveaway
for a chance to win either
a $5,000 national home improvement giveaway
or a $750 leaf rejector protection
gift certificate. exclusions apply.
sponsored by
siding
awdcomsi.
the free press
media",Sports,0.27718716961444734,targeted
AD_00807,"mgm
wine & spirits
click here to see
our specials!
best of 2020
ist place
mankato
magazine
the free press",Food_Drink,0.23363000485906743,targeted
AD_00808,"关
fight
for
justice",General_News,0.32107958858431407,targeted
AD_00809,"estec
where restaurants
and tech connect
sept 13-15, 2023 i hilton anatole, dallas, tx",Food_Drink,0.3371035501637469,targeted
AD_00810,"you are
cordially
invited.... johnstown and altoona
epic journeys
travel show
epic
journeys
free admission
learn more",Travel,0.38343737894432417,targeted
AD_00811,"start
1. click on ""start""
2. activate your account
3. access your content
games - ebooks.
music - movies
find it on all-in-1 digitalcontent",Entertainment,0.9057839233411403,targeted
AD_00812,"rapid7
yes, it's almost
2022. no, we're not
sure how.
make 2022 your year
for cybersecurity.
see the webinar series",Sports,0.27586128320773395,targeted
AD_00813,"ess
world ser
11)
american express
experiences
b
can you hear that?
live music
is calling.
american express cardmembers,
get tickets now!
can e
a
learn more",Entertainment,0.6313532173654517,targeted
AD_00814,"1609
bar & restaurant
dining with a latin twist!",Food_Drink,0.8864733517202172,targeted
AD_00815,"into
it
with
sam sanders
listen on
apple podcasts",General_News,0.4666173726933004,targeted
AD_00816,"d.i.y. plumbing
not working out?
we clean
your line
for $149
license # m6397
s
h₂o
maestro plumbing
a fayette heating & air company
the official plumbing company of uk athletics
k",General_News,0.3469647908283077,targeted
AD_00817,"arc'teryx
lap
rewild
your gear.
redeem
the credit.
trade in used gear",Business_Finance,0.7175431698478273,targeted
AD_00818,"small business insurance, locally sourced.
state farm
contact me ►
wanda lucero, agent
211 kit carson road",Travel,0.19506190480774932,targeted
AD_00819,"g
packers weekly giveaway
hh
presented by
associated bank
enter now",General_News,0.3205783738296449,targeted
AD_00820,"smart
reporting
intelligent narratives for finance
get the fact sheet
arria
collably died
last",Business_Finance,0.9981507819112849,targeted
AD_00821,"i♥growing marijuana.com
save $15 with code leafly15
germination guaranteed + free shipping!",General_News,0.21012517419736076,targeted
AD_00822,"donna hay
work with us
click for more information",General_News,0.26471554643979395,targeted
AD_00823,"raising break
families
the
jesus
way
way
generational
strongholds
shop now",Lifestyle,0.742795337396149,targeted
AD_00824,"stop
aapi
if you see or experience
hate a hate incident, report it at
stopaapihate.org
@stopaapihate
ad space donated by davis",General_News,0.5158631459751061,targeted
AD_00825,"fed stimulus cuts your
house payment if you
pay over $999/month
2",Business_Finance,0.4188587364077262,targeted
AD_00826,"you okay?
reach out to a friend
about their mental health.
learn more
seize the awkward
ad
concl
the
jed",Health,0.46720249929788177,targeted
AD_00827,"the rugby union world
cup is about to kick off!
a blazelift
get your business ahead with
our sports audience targeting.
talk to us today
o",Sports,0.6420310593297357,targeted
AD_00828,"sal slickdeals
score big savings
get coupons at your
favorite stores
get the extension
walmart
best
buy
adidas
o
★macy's",Lifestyle,0.396645063021022,targeted
AD_00829,"are your
cholesterol
numbers
creeping up?
you may be eligible
for an important
cholesterol-
lowering study.
see if you qualify >
12
astrazeneca",Health,0.7459980224298983,targeted
AD_00830,"local experts connecting
customers to your business.
community new
digital
65",General_News,0.3358083459067569,targeted
AD_00831,"june
teenth
freedom day
proudly presented by
tel-tec
security systems, inc.
june 19",General_News,0.35592562180118353,targeted
AD_00832,"city
beauty
how to
tighten skin
around jaw
(do this
before bed)",Travel,0.5407490762323693,targeted
AD_00833,"who's
targeting
you?
crowdstrike
read the latest
cybersecurity trends
crowdstrike
2023
global
threat
report",General_News,0.5096501492260437,targeted
AD_00834,"today's
best deals are here
the inventory team is
rounding up discounts on hot items
you don't want to miss.
click here to browse!",Lifestyle,0.41446429891894637,targeted
AD_00835,"influxdataⓡ
influxdb cloud
build better real-time apps in less time with less code
try for free",General_News,0.20777340009204295,targeted
AD_00836,"c
wheel of time wiki
explore the world of the
amazon original on fandom.
learn more
presented by
prime video",Travel,0.3830903335203807,targeted
AD_00837,"amortgage.net
today's refinance rate
1.997%
apr | 15-year fixed term
no registration, no login no ssn required.
calculate payment
*terms & conditions apply.
nmls #1912050 (nmisconsumeraccess.org).
j894",Lifestyle,0.3087187694508007,targeted
AD_00838,"discover what's
inside the latest issue
impactful
design
south african
informed innovative inspired
home owner
welcome home
decorate
with wood
boldi
still
only
r-42.90
still
only
r42.90
-
of it chilled
fridged
cool gy
fer
click here to see more
home owner",Lifestyle,0.3410121379684972,targeted
AD_00839,"neatbooks™
accounting software that speaks your language
start my 15-day trial
neat®",Lifestyle,0.369445902266191,targeted
AD_00840,"licensing
ξεχρο
24-26 may 2022
learn more",Lifestyle,0.36107733112374757,targeted
AD_00841,"woodvard
dental care
changing lives through healthy smiles",Lifestyle,0.5168002090258387,targeted
AD_00842,"a
b
run ad for property a
when it has vacancies.
advertise any
property, anytime
apartments.com
get started",Business_Finance,0.20052494417693578,targeted
AD_00843,"one
line
a
day
today's deals
shop now
amazon",Lifestyle,0.9121030776375479,targeted
AD_00844,"big tires.
biggest buy 3 get 1
black friday
sale free
mesa
11/15/21 - 11/29/21
get details",Food_Drink,0.18243725371291653,targeted
AD_00845,"ountryside
making homesteading accessible to everyone
visit today!",Lifestyle,0.650382255820853,targeted
AD_00846,"inspiration
sent daily
to your inbox!
the
kjv verse
of the day
bible gateway
sign up now",General_News,0.2624773802780869,targeted
AD_00847,"promach
can with
confidence
carbonated or non-carbonated, hot
or cold, the profill v volumetric filler
cans your beverage with unmatched
consistency and accuracy.
profil 200v
ꭲꮵꮕꭲ
apol
performance, packaged
techniblend
helping make beverages to serve the world",Food_Drink,0.6043598212156597,targeted
AD_00848,"a mountain of
entertainment™
criminal minds:
evolution
* 1923 *
fantasy
football
exclusively on
mount+
try it free",Sports,0.42583475155023515,targeted
AD_00849,"lego
vip weekend
is coming
11/20-11/21
learn more >
vip
d
vip
vip
vip
w
vip
dia
tip",Lifestyle,0.21805823462328608,targeted
AD_00850,"simplifying stoma
management:
there's no mystique
to fix the leak
catherine t. milne, aprn, msn,
anp/acns-bc, cwocn-ap
sponsored by
convatec
watch today!",Sports,0.4289159807883112,targeted
AD_00851,"this young, very attractive,
white female is missing.
farkitrol
mediazetabine omg",General_News,0.6175085407529185,targeted
AD_00852,"b
cheers
every season
th
streaming on
try it free
+",Sports,0.43459204926957234,targeted
AD_00853,"r2
450+ brands
200,000+ products
get heating supplies fast this season!
supplyhouse.com",Sports,0.32241592042382,targeted
AD_00854,"crowdstrike
nowhere
to hide
2022 falcon overwatch
threat hunting report
get the report 7",General_News,0.38181947599765,targeted
AD_00855,"whit to
refresh + refine
subscribe
now",Entertainment,0.3045206606352882,targeted
AD_00856,"normal
rare
a",Automotive,0.2310684687798946,targeted
AD_00857,"roblox
snake.io
garena free f
poppy playtin subway surfe among us",General_News,0.23782343486410357,targeted
AD_00858,"stay productive
anywhere, anytime.
boot up in under 6 seconds
with chrome os.
ochrome os
learn more",Entertainment,0.27154055828325,targeted
AD_00859,"decanter
wine experiences
discover great wines of
the rhône with decanter",Travel,0.2350128213359091,targeted
AD_00860,"since this
malco
theatres
www.malco.com
malco
marquee rewards
earn. redeem. repeat.
relax and
recline
luxury reserved
recliner seating
mxt summer drive-in
5310 summer ave
malco theatre experience
a memphis tradition since 1966
imax",Entertainment,0.24005061560144714,targeted
AD_00861,"logitech
30401
automate
everything
that doesn't
have to do
with coding.
smart actions with
mx master series
learn more",Lifestyle,0.2936729313728073,targeted
AD_00862,"you were once sonically lost.
now you've been found.
(c
perlisten",Health,0.31249499831808314,targeted
AD_00863,"qj
learn more
in-person | online | aerospace & defense
mba in okc",Lifestyle,0.5516602437840739,targeted
AD_00864,"behind the
camera
with
casper ruud
break
point
watch on
netflix",Entertainment,0.650538196103483,targeted
AD_00865,"addressing the world's biggest challenges
demands unconventional wisdom.
rice",Lifestyle,0.30148899538196167,targeted
AD_00866,"mars 4k
a 4k wireless video transmission system
mars-k
hollyland
4k
ⓒ
ak",Travel,0.9577420689729413,targeted
AD_00867,"modular meeting rooms
starting at $399/month
get a room",Entertainment,0.17873722901667727,targeted
AD_00868,"friendly service,
farm
bureau dependable coverage
insurance
get a quote
farm
bureau
pok
lu",Entertainment,0.30603711749213086,targeted
AD_00869,"powerful speeds up to 1 gig
xtream internet starting at
$19.⁹⁹*
/mo for
1 year
free installation
when you order online.
get started
*new customers
xtream plus taxes, fees, modem
rental and activation.
mediacom",Lifestyle,0.4506262010552643,targeted
AD_00870,"buy for your characters
tier 3 set!
buy now
reinwinboost.com
★★★★★",Automotive,0.3362136348648306,targeted
AD_00871,"luxury, for adults only.
fall back
into
travel
save
up to
$40%
+
us$1,500
resort credit
trs
turquesa
hotel
learn more",Travel,0.7187236577205933,targeted
AD_00872,"let's talk wordpress and web
design for your law firm.
get started
888.830.5089
m
attorney
marketing
network",General_News,0.5015833526905353,targeted
AD_00873,"neighborhood to nation
advertise with us
click for more info >",General_News,0.7405285575841973,targeted
AD_00874,"find us on
precision 417-846-3723 facebook
f
land services. precisionlandservicesllc.com",General_News,0.49895657507234714,targeted
AD_00875,"federal
prairie storm
premium
now with
flitecontrol flex
12 gauge
h
palter
federal premium
25 upland
prairie
storm x
fs lead
gauge
federal prote
25 upland
buy now
prairie
storm
fs steel
x",General_News,0.5616152087935229,targeted
AD_00876,"wave
2022
early bird pricing aprill 18-22, 2022 | austin, tx
ends december 17
eso
save now
m",Entertainment,0.43537304195797716,targeted
AD_00877,"free coupon
see codes
capital one shopping
the coupon-finding
browser extension",Business_Finance,0.27200439913978386,targeted
AD_00878,"what's your next move?
create your own headlines with companies on the move
crain's chicago business",Business_Finance,0.7881454782162574,targeted
AD_00879,"unlock the built-in business
capabilities of chrome os.
chrome os
contact sales",Business_Finance,0.31435193607484757,targeted
AD_00880,"ready to
enjoy
date night
safely?
get up. get out. get vaccinated.
find a vaccination site near you click here",Entertainment,0.41528470419592894,targeted
AD_00881,"have you been to boswell's lately?
boswell's
home furnishings
come see what's new!",Lifestyle,0.4553249680678133,targeted
AD_00882,"qlocktwo
itlisasampm
acquarteroc
wentyfivex
halfstenfto
pasterunine
onesixthree
fourfivetwo
eighteleven
seventwelve
tenseoclock
the
major
german
brands",Entertainment,0.2887714137029363,targeted
AD_00883,"koni
shock value sale 20 off
2023",Automotive,0.23806997943268934,targeted
AD_00884,"march
savings!
custom
design by
mill end
shops
40%ff
graber
window
treatments
buy one,
get one
50%f
hunterdouglas
shades!",General_News,0.2591490869469933,targeted
AD_00885,"driven
diesel
dodge fan clutch accelerator switch
for '03-'07 5.9l manual transmission & 075-20 auto or manual transmission
get yours
today!
strictlydiesel.com
engage your
at
cooling fanale
flick of a switch
the
oldogo
strictly
diesel
id
driven diesel",Entertainment,0.26169412512476986,targeted
AD_00886,"wall cent
rasain elds
others fil
select
ace
we make test easy™
mts-3060a smartcan™
universal o-level armament test set
the ace and multi-capable airmen enable",Food_Drink,0.22957960643106315,targeted
AD_00887,"ashley
final
touches,
first
impressions
shop home decor →",Lifestyle,0.7849898957545125,targeted
AD_00888,"보
driver
visit utv driver >",Entertainment,0.3849752251664324,targeted
AD_00889,"acced
lxg
altian
pre-order now",Lifestyle,0.3051977304216633,targeted
AD_00890,"teamlab:
continuity
final block
of tickets
on sale now
buy now
asian art museum
museum differently.",Travel,0.31031787932975446,targeted
AD_00891,"oracle
netsuite
how to create
a lasting
legacy as cfo
download ebook",General_News,0.30070870627003415,targeted
AD_00892,"[newsnation]
news for all america
66
to be part of
newsnation is a
privilege, and the
trust
of our viewers is
hard to earn.
99
- leland
vittert
to find newsnation
click here",Entertainment,0.26340643507746286,targeted
AD_00893,"camelbak
camelban
more
than just
a cooler
chillbak™
soft
coolers
shop now",Lifestyle,0.8508221571555465,targeted
AD_00894,"dino
run
continue
mygamecenter
_444___",General_News,0.31740539927985756,targeted
AD_00895,"bragg
weight loss
bragging
rights
click here
for more info!",Health,0.9358574077476909,targeted
AD_00896,"continue >
1. click continue
2. add apps
3. watch popular tv shows
watchsmartapps.com",Entertainment,0.9186070614656058,targeted
AD_00897,"m
kuiu
performance hunting gear
explore",Entertainment,0.33047481636063003,targeted
AD_00898,"b
efasile
chade
b
0
bryston
the new
br-20
pair with bryston's
power amplifiers
for real music
00ccccccco coco
bestel
f
@
pmc
distribution uk",Entertainment,0.4038045736224615,targeted
AD_00899,"messenger
your trusted news
for fort dodge.
subscribe today",Entertainment,0.6719303234296669,targeted
AD_00900,"newchic
mens fashion
show now>",Entertainment,0.630438389412932,targeted
AD_00901,"best
las vegas
buy tickets
best
production
show
extravaganza
the vegas spectacular
tickets from $74",Automotive,0.7943453368090314,targeted
AD_00902,"if you're
managing clients,
who's managing
your career?
efinancialcareers
build your career",Sports,0.35517439510277643,targeted
AD_00903,"witin
first
tooth
photo contest
submit your
child's first
tooth photo!
z
sponsored by
greenville kids dental",Lifestyle,0.5213859112828276,targeted
AD_00904,"under armour
slip
speed",General_News,0.2387545900454619,targeted
AD_00905,"take a moment to text your
friend who seems kinda down. learn more
seize the awkward
ad
foundation
-suicide
jed",Lifestyle,0.5040063414006285,targeted
AD_00906,"andy's
favorite
brands
learn more
click here to learn more...",Lifestyle,0.4599279121934714,targeted
AD_00907,"ponce bank
of
bestth bronx
presented by
ponce bank
bestofsxtimes.com
2023
vote today!
click here",Entertainment,0.38837380908163227,targeted
AD_00908,"enjoy amazing
value
travel
with princess
and aaa travel
aaa travels with you
learn more
new sailings
from los angeles,
san diego &
san francisco
1-877-898-5791
cst 1016202-80",Travel,0.5234760402448856,targeted
AD_00909,"on
delivering
critical
data faster.
learn more
xrapiddeploy",Entertainment,0.3016150961903431,targeted
AD_00910,"meat-rich recipes
wilderness to feed your dog's wild side
blue
wilderness
ther
shop now",Lifestyle,0.4327302275077545,targeted
AD_00911,"soundcloud
for artists
subscribe to
next pro today
there's an artist
in every fan",General_News,0.35521993050439166,targeted
AD_00912,"save up to $500
*select adjustable mattress sets only. lesser savings may apply. learn more at sealy.com.
sealy
learn more",Lifestyle,0.37476305517129116,targeted
AD_00913,"cimerli.
(ranibizumab-eqm) injection
cimerliⓡ now has a
permanent q-code: q5128
explore comprehensive patient support >>
cimerli is a registered trademark
of coherus biosciences, inc.
ⓒ2023 coherus biosciences, inc.
all rights reserved. 0323-cim-p231",General_News,0.31097274973745237,targeted
AD_00914,"put it to
the test
cecil's
tractors & truck repair
free demo >
s",Automotive,0.4051702740753413,targeted
AD_00915,"all-day hydration
with broad spectrum
sun protection
buy now!
cerave
developed with dermatologists
mides
cerave
am
facial
moisturizing
lotion
spf 30",General_News,0.2275223746417351,targeted
AD_00916,"read
her
magazine
out now online and on
newsstands across town
the
home
& garden
issue
ashley
pederso
instagram, twitter and facebook:
@hermagazinejc
may/june
feel the",General_News,0.48100238080533914,targeted
AD_00917,"8.
news
now
you have opinions
8 we want to
news
now hear them
click to be heard",Entertainment,0.7903353967996586,targeted
AD_00918,"heating & air
plumbing electrical air quality
free air conditioner
with purchase of furnace
*for a limited time only
45-
45th anniversary
preseason sale
book now
rlemea
wir",Food_Drink,0.26256932620133544,targeted
AD_00919,"watches
andwonders
geneva
experience
watchmaking
from 27 march
to 2 april 2023
open to
the public
1-2 april
2023
> click here
for more information",General_News,0.5195019274248804,targeted
AD_00920,"ride the interest
rate wave.
cd rates like these
won't last forever.
open an account city credit union",General_News,0.23086084280431046,targeted
AD_00921,"generations
of fun",Entertainment,0.5709797929631819,targeted
AD_00922,"j.me
black
friday sale
70% off
*free shipping on everything!
shop now
o
0",Lifestyle,0.5519961714045105,targeted
AD_00923,"o
250 instagram
followes",Entertainment,0.48584370824977324,targeted
AD_00924,"mod creative & business
spe
paris fashion
school
nous rencontrer >",Lifestyle,0.4821470824081491,targeted
AD_00925,"medscape
trending
podcasts in
healthcare
download now",General_News,0.2387545900454619,targeted
AD_00926,"o
pride of the form
sam
usa
m
| нарри
4
th july
τη
*****
✰✰✰
usa farmer
use fireworks30
to get free shipping
on orders over $30
promotional offer only available in the continental us.
a farms.com company
shop.usfarmer.com",Lifestyle,0.25976983337696563,targeted
AD_00927,"irish star
news
sport
culture
entertainment
visit now >>>",Entertainment,0.884747371404704,targeted
AD_00928,"ridge
your wallet
our wallet
make the switch",Lifestyle,0.15328559092234018,targeted
AD_00929,"follow @mailonline on
twitter for breaking news
and top stories from
around the globe",Entertainment,0.4843813238290698,targeted
AD_00930,"anastasia
→→→kristensen
baltra
com truise
cut copy dj set
599 johnson avenue brooklyn ny
elsewhere
crities",Entertainment,0.2600797730166761,targeted
AD_00931,"w
+1
1. select your grade:
kindergarten
1st grade
2nd grade
3rd grade
4th grade
5th grade
6th grade
7th grade
8th grade
x² algebra 1 & 2
a
geometry
σ precalculus
% iv
%",General_News,0.36094353386059114,targeted
AD_00932,"go beyond the bet with
exclusive &
unrivaled
experiences
maximbet
play with me",Travel,0.34518569015622436,targeted
AD_00933,"αρεχ
settlement group
pay your medical bills sell life
insurance policy for cash
neur
em",Health,0.7951229599331876,targeted
AD_00934,"rigina
ready rice
jasmine
gr
add to cart",Food_Drink,0.2967234385514219,targeted
AD_00935,"right place
right time
9:41
today's hundstam
68 45%
download on the
app store
saturday, nov
www.
*****>
4533
huntwise
get it on
google play",General_News,0.31159372124363627,targeted
AD_00936,"book university open
days and virtual events
complete
university
guide",General_News,0.4397014333015707,targeted
AD_00937,"www
100
o
ⓡ
soundavo
(
whole-home
audio matrix
amplifier
system
ws66i & m66-ext",General_News,0.21532716951643577,targeted
AD_00938,"jackpot
aggregator
softswiss
get proposal",General_News,0.2387545900454619,targeted
AD_00939,"★★.
memorial
day
sale
cp
save over $1600
4 piece package $2899
plus tax
good things, for life. 6 ge appliances buy now chickasaw & lucedale
ce chavis
furniture & appliance",Business_Finance,0.18818820019116525,targeted
AD_00940,"fisher investments®
how far does $1 million
go in retirement?
learn more",Business_Finance,0.44664251765662216,targeted
AD_00941,"essential news
from around
the world
read more",Entertainment,0.6161495683697987,targeted
AD_00942,"hefty
hefty
1 party cup
america
shop now",Lifestyle,0.3170819548567499,targeted
AD_00943,"watch live
news on
the go
from your team at
spectrum news 13
visit the app
spectrum
news",Entertainment,0.8865374202899129,targeted
AD_00944,"tomato and eggs is the flavor of
home for this food ethnographer
read more
on eater >>>",Food_Drink,0.5927377267385299,targeted
AD_00945,"descubre
el nuevo canal de recetas
► youtube",General_News,0.38217667514334547,targeted
AD_00946,"where small leads the by-line project.
become big stories.
learn more
okp.",Entertainment,0.17595422675775305,targeted
AD_00947,"factoring
eagle made simple",Lifestyle,0.5163053372337957,targeted
AD_00948,"bastille
with
sarah
may 31
give me the future tour 2022 vaffe the factory",Sports,0.2445100409911818,targeted
AD_00949,"cloud attacks
are up 95%.
n
crowdstrike
get the report 7
c",General_News,0.3427199651844497,targeted
AD_00950,"olt
col
com
colt datenger
combat elite
still making history.",Lifestyle,0.22484675250651395,targeted
AD_00951,"aws
aws data
insights day
2023
unlock value, unleash insights
in uncertain times
with amazon redshift
virtual event
wednesday, may 24
9:00 am - 3:00 pm pt
register now",General_News,0.24090130514657027,targeted
AD_00952,"blarney
woollen mills
the home of
irish
knitwear
an irish family
business since 1823
shop now",Lifestyle,0.8526095294361455,targeted
AD_00953,"datemyage
alex, 46
find a match
for everyone
chat now",Entertainment,0.5708247265852426,targeted
AD_00954,"retail me not
deal finder™
want instant savings on the tech you love?
try retailmenot deal finder™
0.n
08:35",Food_Drink,0.29791937100412325,targeted
AD_00955,"hmi fireplace shop
1744 n deffer dr
nixa, mo 65714",Lifestyle,0.5368636450528144,targeted
AD_00956,"how smart
are you?
f
¿
free tests",Sports,0.3022939116885287,targeted
AD_00957,"courier leader sentry ppost
southern maine weeklies
news a little closer to home.
your community news published weekly.
access your epaper here",Entertainment,0.6360147378609216,targeted
AD_00958,"pc tech deals
we scour 100s
of sites to
find you up to
50% off
the hottest
tech products
get the deals",Lifestyle,0.5856272582456608,targeted
AD_00959,"a mortgage.net
today's refinance rate
1.997 %**
apr
15-year fixed term
calculate payment
*terms & conditions apply.
nmls# 1912050 (nmisconsumeraccess.org).
j894",Lifestyle,0.3156483095183512,targeted
AD_00960,"beo
business equity & opportunities
made possible by:
bose
mckinney
& evans llp
attorneys at law",General_News,0.3939814974994758,targeted
AD_00961,"xtream
mediacom
powerful xtream internet starting at
speeds
up to 1 gig
/mo for 1 year
free installation
when you order online.
*new customers only. plus taxes, fees,
modem rental and activation.
get started
xykam",Lifestyle,0.44389554267676906,targeted
AD_00962,"""i look
amazing?
i feel even better.""
christus.
southeast texas
bariatric center
st. elizabeth
schedule a consultation.",General_News,0.18155253617153225,targeted
AD_00963,"0% honda
apr
financing honda
for up to
36
months
shop now
local honda dealer honda",Lifestyle,0.7294914473485855,targeted
AD_00964,"crash
youtube
lenovo
n netapp
mon
1
cat
inipolsal",General_News,0.2693269466899045,targeted
AD_00965,"μοντανα
folk
festival
july 14-16, 2023
butte, montana
see the performers",Entertainment,0.2970941590421221,targeted
AD_00966,"dryshod
waterproof footwear
lightweight.
warmth.
durability.
comfort.
protection.
dryshodusa.com
dungho
bamyard tough",Entertainment,0.2960849067059725,targeted
AD_00967,"custom medals
free design - free shipping
soccer
100
m
son
www.m
time
gs-jj.com",Sports,0.6646932161609984,targeted
AD_00968,"wide selection
of pre-owned bikes
low
used bike prices
used bike payments
used bike interest
www.gainesvilleharley.com
see dealership for full details",Lifestyle,0.18591513601564455,targeted
AD_00969,"havana
dx-
only $7
your first month
bongd
brb
maya
conmebol
libertadores in sports
watch live sling",Sports,0.6189784695496907,targeted
AD_00970,"insidetrack:
re-enrollment
coaching:
bringing stop-outs
back to graduate
get started >",Food_Drink,0.2516252444413432,targeted
AD_00971,"toyothes
overall domination
menzies wins the score baja 500.
toyo sweeps overall.
toyo tires
#teamtoyo
learn more",Sports,0.38285359909509714,targeted
AD_00972,"vetstreet.com
need help finding a vet?
find a vet near you >",Automotive,0.3140466306130239,targeted
AD_00973,"aries
taurus
gemini
choose your sign to find out your fate
cancer
leo
virgo
b
libra
scorpio sagittarius capricorn
ja
aquarius
bod
20
pisces",Health,0.3107249130259639,targeted
AD_00974,"vis
free coupon
see codes
————
cape shopping
the coupon-finding
browser extension
i
i
i
i
i
i
i
i
i
i
i",Business_Finance,0.319549292712456,targeted
AD_00975,"(and)
zmfheadphones.com",Entertainment,0.2960849067059725,targeted
AD_00976,"myka
father's day
is
june 18th
com
laria
sar",Entertainment,0.24037125323543265,targeted
AD_00977,"kinzua
country get the
104.3
app
hincapeaux
lountry
104.3
humes
jeep
humesforcars.com",Entertainment,0.4465417650728702,targeted
AD_00978,"free
guide
blunder #10:
mismanaging
retirement withdrawals
you've accumulated a large nest egg,
making the wrong withdrawals
could put your retirement at risk.
if you have a $500,000 portfolio,
you should read 13 retirement
investment blunders to avoid.
learn more
fisher investments*",Business_Finance,0.7068911690918234,targeted
AD_00979,"axpona
audio expo north america
the north american high-end audio show
hearing is
believing!
april 14-16, 2023
renaissance schaumburg
chicago, il",General_News,0.6452036120271225,targeted
AD_00980,"need a coupon code?
get it here
pi
coupert",General_News,0.2716874128941524,targeted
AD_00981,"el
you can help
ukrainians in need.
even small monetary donations
can make a big difference.
donate today →
ad
council",General_News,0.24677399770591918,targeted
AD_00982,the monthly,General_News,0.2387545900454619,targeted
AD_00983,"vis
promo codes
available
---
see codes
capital shopping
the coupon-finding
browser extension
i
i
i
i
i
i
i
i
i
i
i",General_News,0.2115124846955914,targeted
AD_00984,"food giant
employee owners serving you better
from our family of stores
to your family!
view deals!",Lifestyle,0.4699405043759945,targeted
AD_00985,"creative fabrica
free
-fonts
get them today
only for a limited time",Sports,0.2737289156403673,targeted
AD_00986,"the flyest dad
& baby backpack
g
flydad",Entertainment,0.5095131813045699,targeted
AD_00987,"custom laser
cutting is only
the beginning!
cutting, routing,
bending & more.
explore services
sendcutsend",General_News,0.2451695340755637,targeted
AD_00988,"ready to join sunday service safely?
get up. get out. get vaccinated.
find a vaccination site near you click here",General_News,0.5580536986739066,targeted
AD_00989,"premier
sotheby's
international realty
nothing compares.
winter park
florida",Travel,0.37291495237535005,targeted
AD_00990,"$10
welcome
bonus
promo codes available see free codes
capital shopping
the coupon-finding
browser extension",Sports,0.2393432293572862,targeted
AD_00991,"newscartucson
holiday sign up
giveaway
to
stetson painting
residential commercial
fleet feet
tucson
mcguire's jewelers
fine jewelry since 1947
sun lighting",Entertainment,0.2196279378407192,targeted
AD_00992,"choose the desired body
monday
de
athlete
kingfre
de
tuesday
wednesday
bingfre
weng
c
thursday
over
wing
32
friday
choose the desired body
cross-fit
body
choose the desired body
workout
body
monday
tuesday
vedr
choose the desired body
body
builder
monday
tuesday",General_News,0.4765901629469608,targeted
AD_00993,"dying
liver
help!
4 warning signs
of dying liver
(#2 is scary!)
(watch here)",Health,0.48214176973059625,targeted
AD_00994,"ochrome os
device management
made simple and
secure, from
anywhere.
try chrome enterprise
upgrade, free for 30 days.
start free trial
7",Sports,0.30143265865131874,targeted
AD_00995,"continue to recipe
3 easy steps:
1) click ""continue to recipe""
2) add recipeforme extension.
3) see delicious recipes!",Food_Drink,0.988997081546444,targeted
AD_00996,"win this house
and start
every day here
all to support make-a-wish.
i'm in
omaze",Sports,0.2581599274863195,targeted
AD_00997,"evident olympus
szx-ar1 augmented
reality microscope
simplify
complex
manufacturing
tasks",General_News,0.23801860915590609,targeted
AD_00998,"searching for speakers?
compare
before you buy
compare now
boat zebronics
portronics
philips",General_News,0.31372298497619006,targeted
GEN_001,discover great offers today,General,1.0,generic
GEN_002,find products and services that match your needs,General,1.0,generic
GEN_003,explore trusted brands and new deals,General,1.0,generic
GEN_004,see useful recommendations for everyday life,General,1.0,generic
GEN_005,check out featured offers available now,General,1.0,generic
